Name,Address,Rating,Website,Price Level,City,State
Blue India,"933 Peachtree St NE, Atlanta, GA 30309, USA",4.2,http://blueindiaatlanta.com/,2,Atlanta,GA
Tabla,"77 12th St NE #2, Atlanta, GA 30309, USA",4.2,https://tablaatlanta.com/,3,Atlanta,GA
Planet Bombay Indian Cuisine,"619 Edgewood Ave SE #102, Atlanta, GA 30312, USA",4.2,https://planetbombay.com/,2,Atlanta,GA
Aamar Indian Cuisine,"100 Luckie St NW, Atlanta, GA 30303, USA",4.3,https://aamarindiancuisine.com/,2,Atlanta,GA
Desi Spice Indian Cuisine,"Promenade, 931 Monroe Dr NE 2nd fl suit c202, Atlanta, GA 30308, USA",4.2,https://desispiceindianatlanta.com/,2,Atlanta,GA
Botiwalla by Chai Pani,"Ponce City Market, 675 Ponce De Leon Ave NE n134, Atlanta, GA 30308, USA",4.6,http://www.botiwalla.com/,2,Atlanta,GA
Niramish Indian Cuisine,"1138 Euclid Ave NE, Atlanta, GA 30307, USA",4.3,http://www.niramishatlanta.com/?utm_source=gmb&utm_medium=website,2,Atlanta,GA
Swapna Indian Cuisine,"2655 Cobb Pkwy SE, Atlanta, GA 30339, USA",4,https://swapnaatlanta.com/,2,Atlanta,GA
Cafe Bombay,"2615 Briarcliff Rd NE, Atlanta, GA 30329, USA",4.1,https://www.cafebombayga.com/,2,Atlanta,GA
Jai Ho Indian Kitchen | Krog Street Market,"99 Krog St NE Suite H, Atlanta, GA 30307, USA",4.2,https://jaihoatlanta.com/,2,Atlanta,GA
Tabla - Buckhead,"3005 Peachtree Rd, Atlanta, GA 30305, USA",4.1,https://tablaatlanta.com/,2,Atlanta,GA
India Eats Restaurant,"14 Park Place South Southeast, Atlanta, GA 30303, USA",3.7,https://indiaeatsatl.com/,2,Atlanta,GA
Curry Up Now,"915 Memorial Dr SE Suite 210, Atlanta, GA 30316, USA",4.5,https://www.curryupnow.com/,1,Atlanta,GA
The Curry House - Authentic Indian Kitchen,"536 Decatur St. SE Suite B, Atlanta, GA 30312, USA",4.6,http://www.thecurryhouseatlanta.com/,2,Atlanta,GA
Sankranti Indian Kitchen,"1569 N Decatur Rd, Atlanta, GA 30307, USA",4.5,https://www.sankranti.com/,1,Atlanta,GA
NaanStop,"3420 Piedmont Rd NE, Atlanta, GA 30305, USA",4,https://naanstop.com/,1,Atlanta,GA
Masti - Indian Street Eats : Emory / Toco Hills Location,"2945 N Druid Hills Rd c, Atlanta, GA 30329, USA",4.2,http://www.mastiatlanta.com/contact-us/,2,Atlanta,GA
NaanStop,"64 Broad St NW, Atlanta, GA 30303, USA",4.2,https://naanstop.com/,1,Atlanta,GA
Masti - Indian Street Eats - Midtown Atlanta,"860 Peachtree St NE, Atlanta, GA 30308, USA",4.3,https://www.mastiatlanta.com/,2,Atlanta,GA
Jay Bhavani - Indian Street Food (Decatur),"2883 N Decatur Rd A, Decatur, GA 30033, USA",4.8,,2,Atlanta,GA
DESI TADKA INDIAN RESTAURANT - DECATUR,"1685 Church St 2nd floor, #206, Decatur, GA 30033, USA",4.8,https://order.toasttab.com/online/desitadka.decatur,2,Atlanta,GA
Mango Indian Grill @ Halidom Eatery,"1341 Moreland Ave SE Suite 1000, Atlanta, GA 30316, USA",4.8,http://www.mangoindiangrill.com/,2,Atlanta,GA
Chai Pani Decatur,"406 W Ponce de Leon Ave, Decatur, GA 30030, USA",4.5,https://www.chaipani.com/,2,Atlanta,GA
Biryani House Atlanta,"3455 Peachtree Pkwy #201, Suwanee, GA 30024, USA",4.7,https://biryanihousega.com/,2,Atlanta,GA
Hyderabad House Atlanta - Biryani Place,"130 Perimeter Center Pl, Dunwoody, GA 30346, USA",4.1,http://www.hhatl.com/,2,Atlanta,GA
Chat Patti Indian Vegetarian Restaurant,"1707 Church St ste c-7, Decatur, GA 30033, USA",4.6,http://chatpattiusa.com/,1,Atlanta,GA
Bawarchi Biryanis Atlanta,"6627-A Roswell Rd NE, Sandy Springs, GA 30328, USA",4,https://bawarchiatlanta.com/,2,Atlanta,GA
Madras Mantra Decatur,"2179 Lawrenceville Hwy A, Decatur, GA 30033, USA",4.4,https://madrasmantra.com/,2,Atlanta,GA
Himalayan Kitchen,"1651 Roswell St suite c, Smyrna, GA 30080, USA",4.8,https://himalayankitchenatl.wordpress.com/menu/,1,Atlanta,GA
Nalan Indian Cuisine,"5815 Windward Pkwy Ste 200, Alpharetta, GA 30005, USA",4.3,http://nalanindiancuisine.com/,2,Atlanta,GA
Biryani N Grill,"2590 Spring Rd SE, Smyrna, GA 30080, USA",4.3,https://biryaningrill.freshbytes.io/location/7nDmq3gDcQ,2,Atlanta,GA
Zyka: The Taste | Indian Restaurant | Decatur,"1677 Scott Blvd, Decatur, GA 30033, USA",4.1,https://zyka.com/,2,Atlanta,GA
Biryanis Place Sandy Springs,"6115 Peachtree Dunwoody Rd Suit #130, Sandy Springs, GA 30328, USA",4.2,https://www.biryanisplace.com/,2,Atlanta,GA
Spice Kitchen Indian Cuisine,"800 Forrest St NW floor 1, Atlanta, GA 30318, USA",4.7,http://spicekitchenatlanta.com/,2,Atlanta,GA
Mint Leaf Indian Cuisine,"2350 Spring Rd SE #800, Smyrna, GA 30080, USA",4.3,https://www.mintleafindiancuisine.com/,2,Atlanta,GA
Taj Mahal Grill,"1200 Ernest W Barrett Pkwy NW #236, Kennesaw, GA 30144, USA",4.6,https://tajmahalgrill.com/,2,Atlanta,GA
Sankranti Indian Kitchen,"85 5th St NE Suite A, Atlanta, GA 30308, USA",4.1,https://www.sankranti.com/,2,Atlanta,GA
Aunty's Kitchen,"735 N Main St Suite 700, Alpharetta, GA 30009, USA",4.5,,1,Atlanta,GA
Moon Indian Cuisine | Atlanta,"2144 Johnson Ferry Rd NE, Atlanta, GA 30319, USA",4.4,https://moonindianatlanta.kwickmenu.com/,2,Atlanta,GA
NaanStop,"265 18th St NW #4110, Atlanta, GA 30363, USA",4.1,http://www.naanstop.com/,1,Atlanta,GA
Deshi Masala Grill,"3263 Donald Lee Hollowell Pkwy NW, Atlanta, GA 30331, USA",4,https://deshimasalaatlanta.kwickmenu.com/,2,Atlanta,GA
Bismillah Cafe,"4022 Buford Hwy NE, Atlanta, GA 30345, USA",4.4,https://www.bismillahcafebuford.com/order,1,Atlanta,GA
RUCHI Bangladeshi Cuisine,"4847 Peachtree Rd, Atlanta, GA 30341, USA",4.6,https://ruchibangladeshi.com/,2,Atlanta,GA
Masala Indian Cuisine,"1713 Church St, Decatur, GA 30033, USA",3.8,http://www.masaladecatur.com/,1,Atlanta,GA
Honest Indian Restaurant,"1707 Church St suite c5, Decatur, GA 30033, USA",4.3,https://honestrestaurantdecatur.com/,2,Atlanta,GA
Halal Zaika,"4022 Buford Hwy NE, Atlanta, GA 30345, USA",2.2,,2,Atlanta,GA
Bawarchi Biryanis Decatur,"1685 Church St Suite 110, Decatur, GA 30033, USA",4.2,https://bawarchibiryanidecatur.com/,2,Atlanta,GA
Raduni Indian Cuisine,"2566 Shallowford Rd #112, Atlanta, GA 30345, USA",4.4,http://raduniatl.com/,2,Atlanta,GA
Hyderabad Xpress,"2772 Cumberland Blvd SE, Smyrna, GA 30080, USA",4.1,https://www.hydxpressga.com/,1,Atlanta,GA
Curry Up Now,"1575 Church St Suite # 210, Decatur, GA 30033, USA",4.5,https://www.curryupnow.com/,2,Atlanta,GA
Himalayan Spice Nepali and Indian Cuisine,"3145 Briarcliff Rd NE, Atlanta, GA 30329, USA",4.1,http://himalayanspiceatlanta.com/,2,Atlanta,GA
Ghareeb Nawaz Restaurant,"2032 W Devon Ave, Chicago, IL 60659, USA",4.1,https://ghareebnawazonline.com/,1,Chicago,IL
TAWAKKUL RESTAURANT,"6412 N Claremont Ave, Chicago, IL 60645, USA",4,https://tawakkulrestaurantchicago.com/home,2,Chicago,IL
India House Restaurant Chicago,"59 W Grand Ave, Chicago, IL 60654, USA",4.5,https://indiahouserestaurants.com/,2,Chicago,IL
Hyderabad House,"2225 W Devon Ave, Chicago, IL 60659, USA",3.9,http://hyderabadhouserestaurant.com/?utm_source=google&utm_medium=wix_google_business_profile&utm_campaign=10261477177244264829,1,Chicago,IL
New Zaiqa,"1316 N Clybourn Ave, Chicago, IL 60610, USA",4.2,https://www.newzaiqa.com/,2,Chicago,IL
Naan On Devon & Grill (Indian Hyderabad),"2241 W Devon Ave, Chicago, IL 60659, USA",3.9,https://www.naanondevon.com/,1,Chicago,IL
Indian Garden Restaurant,"247 E Ontario St, Chicago, IL 60611, USA",4,http://www.indiangardenchicago.com/,2,Chicago,IL
Siri Indian Restaurant,"1520 W Taylor St, Chicago, IL 60607, USA",4,http://www.sirichicago.com/,1,Chicago,IL
Chicago Curry House (Indian - Nepalese Cuisine),"899 S Plymouth Ct, Chicago, IL 60605, USA",4.5,http://curryhouseonline.com/,2,Chicago,IL
ROOP Chicago Innovative Indian Restaurant & Cocktail Bar,"736 W Randolph St, Chicago, IL 60661, USA",4.3,https://www.roohchicago.com/,3,Chicago,IL
AL - Kabeer Restaurant,"6426 N Western Ave, Chicago, IL 60645, USA",4,https://alkabeerrestaurant.com/home,2,Chicago,IL
Maharaj Indian Grill,"333 S State St, 8 E Van Buren St Unit C13, Chicago, IL 60604, USA",4.7,http://www.maharaj-chicago.com/,2,Chicago,IL
Himalayan Restaurant,"606 S Wabash Ave, Chicago, IL 60605, USA",4.1,https://himalayanrestaurant.com/,2,Chicago,IL
Namaste Chicago,"2515 N California Ave, Chicago, IL 60647, USA",4.5,https://www.namastechicagoonline.com/,2,Chicago,IL
The Spice Room,"2906 W Armitage Ave, Chicago, IL 60647, USA",4.3,https://www.spiceroomchicago.com/,2,Chicago,IL
Indian Clay Pot,"1804 W Irving Park Rd, Chicago, IL 60613, USA",4.2,https://indianclaypot.com/,2,Chicago,IL
The Little India,"1109 W Bryn Mawr Ave, Chicago, IL 60660, USA",4.1,https://littleindiaonline.com/,1,Chicago,IL
Gaylord Fine Indian Cuisine,"100 E Walton St, Chicago, IL 60611, USA",3.8,http://www.gaylordil.com/,2,Chicago,IL
Bombay Eats / Bombay Wraps,"330 E Ohio St, Chicago, IL 60611, USA",4.3,https://www.bombayeats.com/,1,Chicago,IL
Moti - River North,"70 W Huron St, Chicago, IL 60654, USA",4.3,https://www.motichicago.com/,2,Chicago,IL
Delhi Darbar Kabab House,"3010 W Devon Ave, Chicago, IL 60659, USA",4,https://delhidarbar.us/,2,Chicago,IL
Bombay Eats / Bombay Wraps,"122 N Wells St, Chicago, IL 60606, USA",4.2,https://www.bombayeats.com/,1,Chicago,IL
Essence of India,"4601 N Lincoln Ave, Chicago, IL 60625, USA",4.3,https://www.essenceofindiachicago.com/,2,Chicago,IL
Adda Indian Cuisine,"1400 W Taylor St, Chicago, IL 60607, USA",4.3,http://www.addachicago.com/,2,Chicago,IL
Basant Modern Indian Restaurant,"1939 W Byron St, Chicago, IL 60613, USA",4.6,http://basantchicago.com/,2,Chicago,IL
Rangoli Indian Cuisine,"2421 W North Ave, Chicago, IL 60647, USA",4,http://www.rangolitogo.com/,2,Chicago,IL
Mild 2 Spicy,"714 W Diversey Pkwy, Chicago, IL 60614, USA",4.4,https://mild2spicy.net/,2,Chicago,IL
Thattu,"2601 W Fletcher St, Chicago, IL 60618, USA",4.5,http://thattu.com/,2,Chicago,IL
Udupi Palace Restaurant | Best vegetarian Indian Restaurant in Chicago,"2543 W Devon Ave, Chicago, IL 60659, USA",3.4,https://udupichicago.com/,2,Chicago,IL
Bhoomi Modern Indian Grill,"15 W Washington St, Chicago, IL 60602, USA",4.7,http://eatbhoomi.com/,2,Chicago,IL
Indienne,"217 W Huron St, Chicago, IL 60654, USA",4.6,https://indiennechicago.com/,4,Chicago,IL
Raj Darbar,"2660 N Halsted St, Chicago, IL 60614, USA",3.9,http://rajdarbartogo.com/,2,Chicago,IL
Indian Paradise,"2257 W North Ave, Chicago, IL 60647, USA",4.5,https://indianparadise.us/,2,Chicago,IL
Curry On Fire indian Cuisine,"1030 W Taylor St, Chicago, IL 60607, USA",3.8,https://smorefood.com/order-online/curry-on-fire-indian-kitchen-chicago-60607-imjbjy89?utm_source=gmb&utm_medium=website,2,Chicago,IL
Eggholic - Indian Veg & Egg Street Food,"833 W Chicago Ave FL 1, Chicago, IL 60642, USA",4.4,https://www.theeggholic.com/,1,Chicago,IL
Tandoor Char House,"2652 N Halsted St, Chicago, IL 60614, USA",4.3,http://tandoorchicago.com//?utm_source=google&utm_medium=gmb,2,Chicago,IL
Nepal House,"1301 S Michigan Ave, Chicago, IL 60605, USA",4.5,http://nepalhouseonline.com/,2,Chicago,IL
Gorkha Kitchen Indian and Nepalese Restuarant,"434 W Diversey Pkwy, Chicago, IL 60614, USA",4.6,https://gorkhakitchenchicago.com/,2,Chicago,IL
Vermilion,"10 W Hubbard St, Chicago, IL 60654, USA",3.9,http://www.thevermilionrestaurant.com/,3,Chicago,IL
Cumin Restaurant - Wicker Park,"1414 N Milwaukee Ave, Chicago, IL 60622, USA",4.2,https://www.cumin-chicago.com/,2,Chicago,IL
Kama - Wicker Park,"1560 N Milwaukee Ave, Chicago, IL 60622, USA",4.5,https://www.kamabistro.com/wicker-park,2,Chicago,IL
Saffron Street,"433 W Van Buren St, Chicago, IL 60607, USA",4.7,http://www.saffronstreetchicago.com/,2,Chicago,IL
Moti - Lincoln Park,"2312 N Lincoln Ave, Chicago, IL 60614, USA",4.8,https://www.motilincolnpark.com/,1,Chicago,IL
Art of Indian Cuisine,"2616 N Clark St, Chicago, IL 60614, USA",4.3,http://www.artofindiancuisine.com/,2,Chicago,IL
Bar Goa,"116 W Hubbard St Suite 1, Chicago, IL 60654, USA",4.2,https://www.bargoachicago.com/,2,Chicago,IL
Naansense - Loop,"178 N Franklin St, Chicago, IL 60606, USA",4.3,https://www.eatnaansense.com/,2,Chicago,IL
Sabri Nihari Restaurant,"2502 W Devon Ave, Chicago, IL 60659, USA",4.1,http://www.sabrinihari.com/,2,Chicago,IL
Chiya Chai Logan Square,"2770 N Milwaukee Ave, Chicago, IL 60647, USA",4.4,http://www.chiyachai.com/,2,Chicago,IL
Mantra by Indian Garden,"9438 W Irving Park Rd, Schiller Park, IL 60176, USA",4.1,http://www.mantrachicago.com/,2,Chicago,IL
Asian Diet - Indian and Nepalese Restaurant,"2049 W Howard St, Chicago, IL 60645, USA",5,https://asiandietchicago.com/,2,Chicago,IL
Superkhana International,"3059 W Diversey Ave, Chicago, IL 60647, USA",4.5,http://superkhanachicago.com/,2,Chicago,IL
Tuk Tuk Indian Street Food,"1445 W Taylor St, Chicago, IL 60607, USA",4.4,https://www.chicago-tuktuk.com/,2,Chicago,IL
VAJRA,"2039 W North Ave, Chicago, IL 60647, USA",4.3,http://www.vajrachicago.com/,2,Chicago,IL
Lilac Tiger,"1742 W Division St, Chicago, IL 60622, USA",4.5,https://www.lilactigerchi.com/,2,Chicago,IL
Ghareeb Nawaz,"2364 N Lincoln Ave, Chicago, IL 60614, USA",4,http://ghareebnawazonline.com/,1,Chicago,IL
Nepal House (Devon),"2601 W Devon Ave, Chicago, IL 60659, USA",4.5,http://thenepalhouse.net/,2,Chicago,IL
Namak Indian Cuisine,"1700 Pacific Avenue S, N Ervay St c101, Dallas, TX 75201, USA",4.8,http://namakdallas.com/,2,Dallas,TX
Shivas Bar and Grill,"1001 Ross Ave #132, Dallas, TX 75202, USA",4.9,http://www.shivasbarandgrill.com/,2,Dallas,TX
Kalachandji's,"5430 Gurley Ave, Dallas, TX 75223, USA",4.7,http://www.kalachandjis.com/,1,Dallas,TX
Indian Masala Tadka,"1001 Ross Ave Suite 100, Dallas, TX 75202, USA",5,https://www.masalatadkatx.com/,2,Dallas,TX
India Palace,"12817 Preston Rd Suite # 105, Dallas, TX 75230, USA",4.1,https://www.indiapalacedallas.com/,2,Dallas,TX
Delhi6 Indian Kitchen & Bar - Best Indian Restaurant,"1700 Cottonwood Creek #110, Highland Village, TX 75077, USA",4.6,http://www.mydelhi6.com/,2,Dallas,TX
Roti Grill,"3001 Knox St Suite 100, Dallas, TX 75205, USA",4.1,https://www.freshindianfood.com/dallas/,2,Dallas,TX
Hyderabad House,"949 W Royal Ln Suite # 108, Irving, TX 75039, USA",3.9,http://hhirving.com/,2,Dallas,TX
Vindu Indian Cuisine,"4701 Frankford Rd ste 237, Dallas, TX 75287, USA",3.9,http://www.vindudallas.com/,2,Dallas,TX
Royal Indian Cuisine And Lounge,"642 Uptown Blvd, Cedar Hill, TX 75104, USA",4.6,https://www.royalindiancuisinetx.com/,2,Dallas,TX
Tikka Shack Indian Grub,"5927 Greenville Ave, Dallas, TX 75206, USA",4.2,http://tikkashack.com/,2,Dallas,TX
Desi District,"6451 Riverside Dr #100, Irving, TX 75039, USA",3.8,https://www.desidistrict.com/,2,Dallas,TX
Spicy Zest - Restaurant & Bar,"13920 Josey Ln suite 100, Farmers Branch, TX 75234, USA",4.7,,1,Dallas,TX
Roti Grill,"2401 Victory Park Ln #120, Dallas, TX 75219, USA",4.4,https://www.freshindianfoodvictory.com/,2,Dallas,TX
Herbs Indian Cuisine,"TOM THUMB Plaza, 660 Grapevine Hwy, Hurst, TX 76054, USA",4.7,http://herbsindiancuisine.com/,2,Dallas,TX
Mughlai Fine Indian Cuisine,"5301 Alpha Rd UNIT 14, Dallas, TX 75240, USA",3.9,http://www.mughlaidfw.com/,2,Dallas,TX
Lyari Cafe Finest Pakistani/Indian Halal Cuisine,"11641 Harry Hines Blvd #201, Dallas, TX 75229, USA",4.5,http://lyaricafe.com/,2,Dallas,TX
Kumar's,"3305 Central Expy, Plano, TX 75023, USA",3.9,https://www.kumarmessdallas.com/,2,Dallas,TX
A2B Indian Vegetarian Restaurant- AAB,"2429 Preston Rd #100, Frisco, TX 75034, USA",4.4,http://www.a2bfrisco.com/,2,Dallas,TX
Ariana Cuisine,"3607A Greenville Ave, Dallas, TX 75206, USA",4.7,https://arianacuisinetx.com/,2,Dallas,TX
India Chaat Cafe,"18101 Preston Rd, Dallas, TX 75252, USA",3.9,http://www.indiachaatcafedallas.com/,2,Dallas,TX
Namaste Grill & Bar Irving,"2234 W Walnut Hill Ln, Irving, TX 75038, USA",4.3,http://irving.namastegrillandbar.com/,1,Dallas,TX
101 | Paratha,"3311 Regent Blvd #121, Irving, TX 75063, USA",4.4,http://101paratha.com/,2,Dallas,TX
8 Cloves - Spices of India,"920 S Harwood St #180, Dallas, TX 75201, USA",3.5,,2,Dallas,TX
India Meals (Lunch Buffet),"2108 Dallas Pkwy Suite 228, Plano, TX 75093, USA",4.3,,1,Dallas,TX
Madurai Mes,"8612 Preston Rd #108, Plano, TX 75024, USA",4.3,https://maduraimes.com/plano/,2,Dallas,TX
Urban Tadka,"1800 Market Pl Blvd #190, Irving, TX 75063, USA",4,http://www.urbantadkadallas.com/,2,Dallas,TX
Taj Mahal Indian Restaurant & Bar,"10219 N Central Expy, Dallas, TX 75231, USA",3.8,https://tajmahaldallas.com/,2,Dallas,TX
India 101,"3311 Regent Blvd #101, Irving, TX 75063, USA",3.9,https://www.india101.com/,2,Dallas,TX
India Garden,"433 W Interstate 30, Garland, TX 75043, USA",4.2,http://www.indiagardengarland.com/,2,Dallas,TX
Spicy Village Indian Cuisine & Cafe,"1404 W Hebron Pkwy Apt 116, Carrollton, TX 75010, USA",4.7,http://spicyvillagetx.com/,2,Dallas,TX
Saravanaa Bhavan,"8604 N MacArthur Blvd, Irving, TX 75063, USA",3.8,https://www.saravanaabhavan.us/,2,Dallas,TX
O'Desi aroma,"The Exchange Food Hall, 211 S Akard St, Dallas, TX 75202, USA",4.4,https://www.odesiaroma.com/,2,Dallas,TX
Vrindavan,"2550 Preston Rd, Frisco, TX 75034, USA",3.9,http://vrindavan.us/,2,Dallas,TX
Ahaa Kitchen,"4325 W John Carpenter Fwy, Irving, TX 75063, USA",4.2,https://ahaakitchen.com/,2,Dallas,TX
Windmills,"5755 Grandscape Blvd, The Colony, TX 75056, USA",4.5,https://windmills-usa.com/,2,Dallas,TX
Malgudi Garden,"5024 Tennyson Pkwy #200, Plano, TX 75024, USA",4.1,http://malgudigarden.com/,2,Dallas,TX
The Yellow Chilli,"5700 Legacy Dr Ste A-9, Plano, TX 75024, USA",3.6,https://theyellowchillidallas.com/,2,Dallas,TX
Foodistaan,"5400 Green Park Dr, Irving, TX 75038, USA",3.9,http://www.foodistaan.us/,2,Dallas,TX
Sigree Grill Indian Restaurant and Banquet,"4145 Belt Line Rd Ste 218, Addison, TX 75001, USA",4.1,http://www.sigreegrill.com/,2,Dallas,TX
Masala Twist Richardson,"955 E Campbell Rd #200, Richardson, TX 75081, USA",4.4,https://masalatwistusa.com/,2,Dallas,TX
Palm India Restaurant,"2548 Dickerson Pkwy #102, Carrollton, TX 75006, USA",4.5,https://palmindiarestaurant.com/home,2,Dallas,TX
Peak Restaurant & Bar,"3401 W Airport Fwy #110, Irving, TX 75062, USA",4.3,https://peakrestaurantandbar.com/,2,Dallas,TX
Spices Of India Kitchen - Restaurant & Catering,"833 E Shady Grove Rd A, Irving, TX 75060, USA",4.5,https://spiceofindiakitchentx.com/,1,Dallas,TX
Chennai Cafe,"3301 Preston Rd #8, Frisco, TX 75034, USA",4,https://www.chennaicafe.com/,2,Dallas,TX
Shiva's Bar & Grill - Allen,"968 Village Green Dr, Allen, TX 75013, USA",4.9,https://www.shivasbarandgrill.com/,2,Dallas,TX
A1 Indian Grill,"3628 Frankford Rd Suite 265, Dallas, TX 75287, USA",4.1,https://smorefood.com/order-online/a1-indian-grill-dallas-75287-vh4wobl3?utm_source=gmb&utm_medium=website,2,Dallas,TX
Curry Me Out,"4321 Live Oak St, Dallas, TX 75204, USA",5,https://currymeout.com/,2,Dallas,TX
Anjappar Chettinad Indian Restaurant,"4940 McDermott Rd #200, Plano, TX 75024, USA",4,https://www.anjapparplano.com/,2,Dallas,TX
"Bawarchi Indian Cuisine - Irving,TX","7750 N MacArthur Blvd Suite 195, Irving, TX 75063, USA",3.8,https://www.bawarchiirving.com/,2,Dallas,TX
Bombay Chowpatty,"825 W Royal Ln, Irving, TX 75039, USA",3.7,http://www.bombaychowpattyirving.com/,2,Dallas,TX
IndianBistro14 - Restaurant & Bar,"4519 Matlock Rd #135, Arlington, TX 76018, USA",4.5,https://indianbistro14.com/,2,Dallas,TX
Little India Kitchen & Grocery,"4440 State Hwy 121 Suite #5, Lewisville, TX 75056, USA",4.1,https://littleindia.us/,2,Dallas,TX
"Bawarchi Biryanis - Plano, Indian Cuisine","8201 Ohio Dr #110, Plano, TX 75024, USA",3.9,https://www.bawarchiplano.com/menu,2,Dallas,TX
Tandoor,"1200 N Fielder Rd Suite 532, Arlington, TX 76012, USA",4.4,http://www.tandoorrestaurant.net/,2,Dallas,TX
Namaste Indian & Nepalese cuisine,"1778 Ala Moana Blvd STE 213, Honolulu, HI 96815, USA",4.8,,2,Honolulu,HI
Kamana Kitchen,"1104 Bishop St, Honolulu, HI 96813, USA",4.5,https://www.newkamanakitchen.com/,2,Honolulu,HI
New Kamana Kitchen,"760 Palani Ave, Honolulu, HI 96816, USA",4.9,https://www.newkamanakitchen.com/,2,Honolulu,HI
"Spice Up, House of Indian Cuisine","1289 S King St Unit 101, Honolulu, HI 96814, USA",4.4,,2,Honolulu,HI
Tadka Indian Cuisine,"1960 Kapiolani Blvd STE 109, Honolulu, HI 96826, USA",4.3,,2,Honolulu,HI
Cafe Maharani,"2509 S King St, Honolulu, HI 96826, USA",3.8,http://cafemaharani.com/,2,Honolulu,HI
Ganesh Dosa,"315 Uluniu St, Kailua, HI 96734, USA",4.7,http://ganeshdosa.com/,2,Honolulu,HI
Himalayan Kitchen,"1137 11th Ave, Honolulu, HI 96816, USA",3.8,https://www.himalayankitchenhawaii.com/,2,Honolulu,HI
Himalayan Kitchen,"1450 Ala Moana Blvd Suite 1251, Honolulu, HI 96814, USA",3.6,https://himalayankitchenalamoana.com/,2,Honolulu,HI
TANE VEGAN IZAKAYA,"2065 S Beretania St., Honolulu, HI 96826, USA",4.8,http://tanevegan.com/,2,Honolulu,HI
Govinda's Restaurant,"51 Coelho Way, Honolulu, HI 96817, USA",4.5,http://www.iskconhawaii.com/,1,Honolulu,HI
Down to Earth Organic & Natural,"2525 S King St, Honolulu, HI 96826, USA",4.5,https://www.downtoearth.org/?olonwp=JjBtp_vMLk25gkYh_bnoiQ,2,Honolulu,HI
The Ripple of Smiles,"3040 Waialae Ave A-1, Honolulu, HI 96816, USA",4.7,https://therippleofsmiles.com/,1,Honolulu,HI
Marigold Fine Indian Cuisine,"4561 W Flamingo Rd, Las Vegas, NV 89103, USA",4.9,https://www.beyondmenu.com/57307/las-vegas/marigold-fine-indian-cuisine-las-vegas-89103.aspx?utm_source=gmb&utm_medium=website,2,Las Vegas,NV
Delhi Indian Cuisine | Best Indian Buffet Restaurant | Best Indian Food | Indian Curry,"4022 S Maryland Pkwy Suite B, Las Vegas, NV 89119, USA",4.4,https://www.delhilasvegas.com/,2,Las Vegas,NV
HASHTAG INDIA - Indian Restaurant,"855 E Twain Ave Suite 101-102, Las Vegas, NV 89169, USA",4.8,http://hashtagindia.com/,3,Las Vegas,NV
Mint Indian Bistro,"730 E Flamingo Rd, Las Vegas, NV 89119, USA",4.1,https://www.mintbistro.com/location/mint-indian-bistro-flamingo/,2,Las Vegas,NV
Mt. Everest India's Cuisine,"3641 W Sahara Ave, Las Vegas, NV 89102, USA",4.4,http://www.mteverestcuisine.com/,1,Las Vegas,NV
Rutba Indian Kitchen,"5115 Spring Mountain Rd #223A, Las Vegas, NV 89146, USA",4.9,https://rutbaindiankitchen.com/,2,Las Vegas,NV
Taj Palace Indian Cuisine,"9530 S Eastern Ave Suite 180, Las Vegas, NV 89123, USA",4.4,http://www.tajpalacelv.com/,2,Las Vegas,NV
Spice Indian Cuisine,"4001 S Decatur Blvd unit 31, Las Vegas, NV 89103, USA",4.6,https://www.spiceindiancuisinelv.com/,2,Las Vegas,NV
Clove Indian Cuisine and Bar,"7090 S Rainbow Blvd #110, Las Vegas, NV 89118, USA",4.6,http://clovelasvegas.com/,2,Las Vegas,NV
Divine Dosa & Biriyani - The Lassi Bar,"3049 S Las Vegas Blvd #15, Las Vegas, NV 89109, USA",3.7,http://www.divinedosa.com/,2,Las Vegas,NV
Saffron Flavors of India,"4450 N Tenaya Wy, Las Vegas, NV 89129, USA",4.3,http://saffronflavorsofindia.com/,2,Las Vegas,NV
Mint Indian Bistro,"4246 S Durango Dr, Las Vegas, NV 89147, USA",4.3,https://www.mintbistro.com/location/mint-indian-bistro-durango/,2,Las Vegas,NV
Curry Leaf - Flavors of India,"5025 S Fort Apache Rd #101, Las Vegas, NV 89148, USA",4.3,,2,Las Vegas,NV
Lazeez Pakistani Indian Mediterranean Grill,"8560 W Desert Inn Rd #D3, Las Vegas, NV 89117, USA",4.4,http://www.lazeezgrill.org/,2,Las Vegas,NV
Delhi Indian Cuisine,"8810 S Maryland Pkwy Suite 125, Las Vegas, NV 89123, USA",4.6,https://delhiindiancuisinelv.com/henderson/,3,Las Vegas,NV
Red Fort Cuisine of India,"2250 E Warm Springs Rd, Las Vegas, NV 89119, USA",4.9,https://redfortcuisine.com/,2,Las Vegas,NV
India Palace,"505 E Twain Ave, Las Vegas, NV 89169, USA",4,https://visitindiapalacelv.com/?utm_source=google,2,Las Vegas,NV
Chaska Indian Restaurant & Bar - South Indian and North Indian Options,"7686 S Las Vegas Blvd #150, Las Vegas, NV 89123, USA",4.5,http://www.chaskalv.com/,2,Las Vegas,NV
Curry Pot,"Food Court-Hotel ( 2nd Floor) Venetian, 3377 S Las Vegas Blvd, Las Vegas, NV 89109, USA",3.1,https://mymozo.com/myrestaurant/default?CompanyId=662,2,Las Vegas,NV
Chowrastha - Indian Restaurant,"3999 S Las Vegas Blvd, Las Vegas, NV 89119, USA",4.1,https://www.desichowrastha.com/,2,Las Vegas,NV
Nutmeg LV Indian Restaurant and Bar- Best Indian Cuisine,"9890 S Maryland Pkwy Suite 25, Las Vegas, NV 89183, USA",4.6,https://nutmeglv.com/,2,Las Vegas,NV
Naan & Curry - Indian Grub (North Summerlin),"7660 W Cheyenne Ave #126, Las Vegas, NV 89129, USA",4.6,https://www.naancurrylv.com/,2,Las Vegas,NV
Angara India Spice Grill,"4165 S Grand Canyon Dr STE 105, Las Vegas, NV 89147, USA",4,https://angaraindialv.com/,2,Las Vegas,NV
Kabob 'N More,"3049 S Las Vegas Blvd, Las Vegas, NV 89109, USA",3.6,https://www.kabobnmore.com/,2,Las Vegas,NV
Naan & Curry (Rhodes Ranch),"7425 S Durango Dr Suite 103, Las Vegas, NV 89113, USA",4.3,http://naancurrylv.com/,2,Las Vegas,NV
Ashiana North India Cuisine,"10960 S Eastern Ave #107, Henderson, NV 89052, USA",4.4,https://ashianafresh.com/,2,Las Vegas,NV
Delhi Indian & Nepali Cuisine Express,"333 W St Louis Ave, Las Vegas, NV 89102, USA",3.6,https://www.orderstlouisave.com/,2,Las Vegas,NV
Royal India Buffet,"3700 W Flamingo Rd, Las Vegas, NV 89103, USA",3.1,https://www.riolasvegas.com/restaurants/royal-india-buffet,3,Las Vegas,NV
Oh! Curry-Japanese Curry,"5051 Stewart Ave #101, Las Vegas, NV 89110, USA",4.6,http://ohcurryvegas.com/,1,Las Vegas,NV
Paymon's Fresh Kitchen,"8380 W Sahara Ave #150, Las Vegas, NV 89117, USA",4.5,https://paymons.com/,2,Las Vegas,NV
Govinda’s Vegan/Vegetarian Cafe,"8825 Escondido St, Las Vegas, NV 89123, USA",4.5,https://www.govindascafelasvegas.com/,1,Las Vegas,NV
Mantra Masala,"8530 W Warm Springs Rd Unit 101, Las Vegas, NV 89113, USA",4,,2,Las Vegas,NV
Kabob Korner,"730 E Flamingo Rd #7, Las Vegas, NV 89119, USA",3.9,https://kabobkorners.com/,2,Las Vegas,NV
Naan & Curry - Indian Grub (Summerlin - Takeout),"2950 S Durango Dr, Las Vegas, NV 89117, USA",3.6,http://naancurrylv.com/,2,Las Vegas,NV
Saffron The Eatery,"3545 S Decatur Blvd, Las Vegas, NV 89103, USA",4.3,https://www.saffrontheeatery.com/,2,Las Vegas,NV
Zen Curry House,"5020 Spring Mountain Rd #1, Las Vegas, NV 89146, USA",4.6,http://www.curryzen.com/,1,Las Vegas,NV
Indian Event Catering House,"4022 S Maryland Pkwy, Las Vegas, NV 89119, USA",3.3,https://indianeventcatering.com/,4,Las Vegas,NV
The Halal Guys,"3755 Spring Mountain Rd #101, Las Vegas, NV 89102, USA",4,https://thehalalguys.com/locations/3755-spring-mountain-road-las-vegas/,1,Las Vegas,NV
Komol Restaurant,"953 E Sahara Ave Ste E10, Las Vegas, NV 89104, USA",4.5,http://www.komolthai.com/,2,Las Vegas,NV
Shawarma Paradise Las Vegas,"4850 W Flamingo Rd #50, Las Vegas, NV 89103, USA",4.9,http://shawarmaparadise.com/,2,Las Vegas,NV
Fresh Kabob / Kabob Oasis,"1405 Sunset Rd #130, Las Vegas, NV 89119, USA",3.9,http://www.fresh-kabob.com/,1,Las Vegas,NV
Parsley Modern Mediterranean,"6420 S Pecos Rd, Las Vegas, NV 89120, USA",4.5,https://parsleymediterranean.com/,1,Las Vegas,NV
Khoury's Mediterranean Restaurant,"9340 W Sahara Ave #106, Las Vegas, NV 89117, USA",4.3,http://www.khouryslv.com/,2,Las Vegas,NV
KABOB EXPRESS,"4912 S Eastern Ave, Las Vegas, NV 89119, USA",4.5,http://www.kabobexpress.com/,2,Las Vegas,NV
Cornish Pasty Co,"10 E Charleston Blvd, Las Vegas, NV 89104, USA",4.7,http://www.cornishpastyco.com/,2,Las Vegas,NV
The Modern Vegan,"700 E Naples Dr #111, Las Vegas, NV 89119, USA",4.4,https://www.tmvrestaurants.com/,2,Las Vegas,NV
Hakkasan Restaurant Las Vegas,"MGM Grand Hotel & Casino, 3799 S Las Vegas Blvd, Las Vegas, NV 89109, USA",4.4,https://hakkasan.com/las-vegas/,4,Las Vegas,NV
Desi Dhaba : The Indian Kitchen,"4860 W Desert Inn Rd suite # 9, Las Vegas, NV 89102, USA",4.3,https://desidhabalv.com/,2,Las Vegas,NV
Preeta's Kitchen,"110 S Rainbow Blvd, Las Vegas, NV 89145, USA",4.7,https://www.preetas.kitchen/,1,Las Vegas,NV
Zest India,"333 W St Louis Ave, Las Vegas, NV 89102, USA",3.7,,2,Las Vegas,NV
Temporarily Closed,"4860 W Desert Inn Rd #09, Las Vegas, NV 89102, USA",4.1,,1,Las Vegas,NV
Aga's Restaurant & Catering,"11842 Wilcrest Dr, Houston, TX 77031, USA",4.8,https://www.agasrestaurant.com/,2,Houston,TX
Kiran's,"2925 Richmond Ave. Suite 160, Houston, TX 77098, USA",4.4,http://kiranshouston.com/,3,Houston,TX
Tandoorish,"9135 W Sam Houston Pkwy N #400, Houston, TX 77064, USA",4.7,https://www.tandoorish.com/,2,Houston,TX
"RUCHI'S INDIAN CUISINE | Houston, TX","10618 Clay Rd, Houston, TX 77041, USA",4.9,http://www.ruchisindiancuisine.com/,2,Houston,TX
Musaafer,"5115 Westheimer Rd Suite C-3500, Houston, TX 77056, USA",4.4,http://www.musaaferhouston.com/,4,Houston,TX
Pondicheri,"2800 Kirby Dr b132, Houston, TX 77098, USA",4.2,http://www.pondicheri.com/,2,Houston,TX
Maharaja Bhog,"8338 Southwest Fwy, Houston, TX 77074, USA",4,https://www.maharajabhog.com/,2,Houston,TX
Tarka Indian Kitchen,"721 W 19th St #7, Houston, TX 77008, USA",4.3,http://www.tarkaindiankitchen.com/,2,Houston,TX
Saravanaa Bhavan,"8350 Westheimer Rd Ste B, Houston, TX 77063, USA",4,https://www.saravanaabhavan.us/,2,Houston,TX
Himalayan Taj,"1425 NASA Road 1, Houston, TX 77058, USA",4.5,https://himalayantaj.com/,2,Houston,TX
Desi Junction Indian Cuisine,"11398 Westheimer Rd, Houston, TX 77077, USA",4.8,https://desijunctionus.com/?utm_source=google,2,Houston,TX
India's Restaurant,"5704 Richmond Ave., Houston, TX 77057, USA",4.1,http://www.indiasrestauranthouston.com/,2,Houston,TX
Shiv Sagar,"6662 Southwest Fwy, Houston, TX 77074, USA",4,https://shivsagarhouston.com/,1,Houston,TX
Nirvana Indian Restaurant,"14545 Memorial Dr, Houston, TX 77079, USA",4.2,https://www.nirvanahouston.com/,2,Houston,TX
Kumar's,"8383 Westheimer Rd #168, Houston, TX 77063, USA",4,http://www.kumarmesshouston.com/,2,Houston,TX
VIVA COCINA,"3618 Aldine Mail Rte Rd, Houston, TX 77039, USA",4.6,http://vivacocinatx.com/,2,Houston,TX
LOTUS INDIAN RESTAURANT,"12280 Westheimer Rd #8, Houston, TX 77077, USA",5,https://lotusindrestaurant.com/,2,Houston,TX
Noon Mirch Kitchen + Bar,"505 E NASA Pkwy Suite A, Webster, TX 77598, USA",4.5,https://www.noonmirch.com/,2,Houston,TX
Khyber North Indian Grill,"2510 Richmond Ave., Houston, TX 77098, USA",4.3,,2,Houston,TX
Peacock Indian Restaurant,"1275 Eldridge Pkwy Suite 130, Houston, TX 77077, USA",4.5,http://www.peacockindrestaurant.com/,2,Houston,TX
Turmeric Indian Cuisine,"1111 Shepherd Dr Suite 100, Houston, TX 77007, USA",4.6,http://www.turmericindiancuisinetx.com/,2,Houston,TX
Naga’s South Indian Cuisine,"11807 Westheimer Rd #580, Houston, TX 77077, USA",4.4,https://nagashouston.com/,1,Houston,TX
Desi District Houston,"11129 Westheimer Rd, Houston, TX 77042, USA",3.9,http://www.desidistrict.com/,2,Houston,TX
Govinda's Vegetarian Cuisine,"1320 W 34th St, Houston, TX 77018, USA",4.6,http://govindashou.com/,1,Houston,TX
da Gama canteen,"600 N Shepherd Dr Suite 520, Houston, TX 77007, USA",4.4,https://www.dagamahtx.com/,2,Houston,TX
Savoy Restaurant,"11246 S Wilcrest Dr 145 B, Houston, TX 77099, USA",4.5,http://www.savoyrestauranthouston.com/,2,Houston,TX
Tikka Shack Indian Grub,"134 Vintage Park Blvd Suite H, Houston, TX 77070, USA",4.3,http://tikkashack.com/,2,Houston,TX
Cowboys & Indians Tex-In Kitchen,"519 Shepherd Dr, Houston, TX 77007, USA",4.1,https://www.cni713.com/,2,Houston,TX
Honest Restaurant,"5901 Hillcroft Ave STE B-1, Houston, TX 77036, USA",4.4,,2,Houston,TX
Tandoori Hut Indian Restaurant,"7610 Cherry Park Dr Suite A, Houston, TX 77095, USA",4.7,http://indianfoodhouston.com/,2,Houston,TX
Eggmania - Authentic Indian Street Food & Egg Delicacies,"6688 Southwest Fwy, Houston, TX 77074, USA",4.6,https://www.eggmania.com/,2,Houston,TX
Kati Roll Wala,"Lyric Market, 411 Smith St, Houston, TX 77002, USA",4.5,http://www.katirollwala.com/,2,Houston,TX
Hyderabadi Chai &Grill,"11583 Wilcrest Dr, Houston, TX 77099, USA",4.5,,2,Houston,TX
Shri Balaji Bhavan,"5655 Hillcroft St, Houston, TX 77036, USA",4,http://shribalajibhavan.com/,1,Houston,TX
Saffron Indian Kitchen,"8045 North Sam Houston Pkwy W, Houston, TX 77064, USA",4.4,https://www.saffronindiankitchenhouston.com/,2,Houston,TX
Paradise Biryani N Grill,"1801 S Dairy Ashford Rd, Houston, TX 77077, USA",4.3,https://order.toasttab.com/online/paradise-biryaningrill-1801-south-dairy-ashford-road,2,Houston,TX
Flying Idlis,"9411 Richmond Ave., Houston, TX 77063, USA",4.2,http://www.flyingidlis.com/,1,Houston,TX
Shiva,"5220 Buffalo Speedway, Houston, TX 77005, USA",4,https://www.shivaindian.com/,2,Houston,TX
Ashar's Kitchen,"6580 Southwest Fwy A, Houston, TX 77074, USA",4.4,https://asharskitchen.com/,2,Houston,TX
The Curry House,"202 Farm to Market 1960 Bypass Rd E # A1, Humble, TX 77338, USA",4.5,https://www.thehumblecurryhouse.com/,2,Houston,TX
The Monk's,"6439 Westheimer Rd, Houston, TX 77057, USA",4.2,http://www.monkshouston.com/,2,Houston,TX
Tandoori Grill,"2002 N Fry Rd Suite 103, Houston, TX 77084, USA",4.5,http://www.tgkaty.com/,2,Houston,TX
Howzatt,"10720 Grant Rd, Houston, TX 77070, USA",4.3,https://howzattindopak.com/,1,Houston,TX
"Ashiana Indian Restaurant, Bar and Banquet & Catering","12610 Briar Forest Dr, Houston, TX 77077, USA",4.2,https://www.himalayanashiana.com/,1,Houston,TX
Everest Curry Bar and Grill,"10502 Huffmeister Rd A, Houston, TX 77065, USA",4.7,https://everestcurrybar.com/,2,Houston,TX
Bismillah,"5696 Hillcroft St, Houston, TX 77036, USA",4.2,http://www.bismillahrestaurant.com/,2,Houston,TX
Angara Kabab & Karahi,"5901 Hillcroft St Suite A-8, Houston, TX 77036, USA",4.4,http://shinwarirestauranthouston.com/,2,Houston,TX
Tarka Indian Kitchen,"3701 S Shepherd Dr Suite A, Houston, TX 77098, USA",4.1,https://tarkaindiankitchen.com/,2,Houston,TX
Mogul Indian Restaurant,"1055 Bay Area Blvd, Houston, TX 77058, USA",4.2,,2,Houston,TX
Deli Deluxe,"1001 McKinney St, Houston, TX 77002, USA",4.7,,1,Houston,TX
Narin's Bombay Brasserie,"3005 W Loop S, Houston, TX 77027, USA",4,https://www.thebombaybrasserie.com/,2,Houston,TX
Udipi Cafe,"5959 Hillcroft St, Houston, TX 77036, USA",4,http://www.udipicafeusa.com/,1,Houston,TX
London Sizzler,"6690 Southwest Fwy, Houston, TX 77074, USA",4.1,http://www.londonsizzler.com/,2,Houston,TX
Nukkad Dhaba,"10707 W Bellfort Ave, Houston, TX 77099, USA",4,https://www.ubereats.com/store/nukkad-dhaba/MCyNVTupWhidiPNvKfbGlQ?srsltid=AfmBOor_f_qAd8QrMqnjoFhlSruczshJX6Hls6LUKLC2lpqYghaVPaaJ,2,Houston,TX
Chowpatty Chat,"5711 Hillcroft Ave # A-3, Houston, TX 77036, USA",4.1,http://chowpattychat.com/,1,Houston,TX
Himalaya Restaurant,"6652 Southwest Fwy, Houston, TX 77074, USA",3.5,http://www.himalayarestauranthouston.com/,2,Houston,TX
Mahesh's Kitchen,"16019 City Walk, Sugar Land, TX 77479, USA",4.3,https://www.maheshskitchen.com/,2,Houston,TX
Mellow Manna,"2122 Holly Hall St, Houston, TX 77054, USA",3.9,http://www.mellowmannatx.com/,2,Houston,TX
Amrina,"3 Waterway Square Pl #100, The Woodlands, TX 77380, USA",4.6,https://www.amrina.social/,2,Houston,TX
Roots Indian Bistro,"7265 Melrose Ave, Los Angeles, CA 90046, USA",4.8,https://www.rootsindianbistro.com/,2,Los Angeles,CA
The Indian Kitchen Sunset,"1411 W Sunset Blvd K 110, Los Angeles, CA 90026, USA",5,https://www.indiankitchensunset.com/,2,Los Angeles,CA
Mayura Indian Restaurant,"10406 Venice Blvd., Culver City, CA 90232, USA",4.7,https://mayura-indian-restaurant.com/,2,Los Angeles,CA
India's Restaurant,"4366 Fountain Ave, Los Angeles, CA 90029, USA",4.2,http://www.indiasrestaurant.net/,2,Los Angeles,CA
BADMAASH Downtown LA,"108 W 2nd St #104, Los Angeles, CA 90012, USA",4.1,http://www.badmaashla.com/,2,Los Angeles,CA
Crown of India,"6755 Santa Monica Blvd, Los Angeles, CA 90038, USA",4.6,http://www.crownofindiala.com/,2,Los Angeles,CA
Baar Baar - LA,"705 W 9th St, Los Angeles, CA 90015, USA",4.3,https://www.baarbaarla.com/,2,Los Angeles,CA
India's Tandoori Hollywood,"7300 Sunset Blvd Suite D & E, Los Angeles, CA 90046, USA",4.4,https://indiatandoorihollywood.com/,2,Los Angeles,CA
Curry In Hurry LA,"4934 W Pico Blvd, Los Angeles, CA 90019, USA",4.9,https://curryinhurryonline.com/,2,Los Angeles,CA
Bombay Beach,"1338 W 7th St, Los Angeles, CA 90017, USA",4.4,https://www.bombaybeachla.com/,2,Los Angeles,CA
ELECTRIC KARMA Indian Cuisine,"8222 W 3rd St, Los Angeles, CA 90048, USA",4.6,https://www.electrickarma.com/,2,Los Angeles,CA
Anarkali Indian Restaurant,"7013 Melrose Ave, Los Angeles, CA 90038, USA",4.3,https://www.anarkaliindianrestaurant.com/,2,Los Angeles,CA
India's Tandoori,"5468 Wilshire Blvd, Los Angeles, CA 90036, USA",4,http://indiastandoori.net/,2,Los Angeles,CA
Urban Masala,"6554 Hollywood Blvd, Los Angeles, CA 90028, USA",4.3,https://theurbanmasala.com/,1,Los Angeles,CA
BADMAASH Fairfax,"418 N Fairfax Ave, Los Angeles, CA 90036, USA",4.3,http://www.badmaashla.com/,2,Los Angeles,CA
Star of India,"730 Vine St, Los Angeles, CA 90038, USA",4.4,https://www.starofindiala.com/,1,Los Angeles,CA
Miirch Social LA,"612 Flower St, Los Angeles, CA 90017, USA",4,https://www.miirchsocial.com/,2,Los Angeles,CA
No Worries Curry,"724 S Spring St, Los Angeles, CA 90014, USA",4.5,http://www.noworriescurry.com/,2,Los Angeles,CA
Jaipur Cuisine of India,"10916 W Pico Blvd, Los Angeles, CA 90064, USA",4.2,https://jaipurla.com/,2,Los Angeles,CA
Spice Affair,"50 N La Cienega Blvd #120, Beverly Hills, CA 90211, USA",4.3,http://www.spice-affair.com/,3,Los Angeles,CA
Chef Arango Indian Restaurant,"4506 W Pico Blvd, Los Angeles, CA 90019, USA",4.6,http://www.chefarangoindianrestaurant.com/,2,Los Angeles,CA
Tulsi Indian Eatery,"408 Main St, Los Angeles, CA 90013, USA",4.2,http://www.tulsieatery.com/,2,Los Angeles,CA
The Bombay Frankie Company,"Outside the Mall (Macy's-Nordstrom, 6000 Sepulveda Blvd Suite 1601, Culver City, CA 90230, USA",4.3,https://www.thebombayfrankiecompany.com/#/,2,Los Angeles,CA
Abhiruchi Grill Indian Restaurant,"10823 Venice Blvd., Los Angeles, CA 90034, USA",4.4,https://abhiruchigrill.com/,2,Los Angeles,CA
LA INDIAN CUISINE,"31703 Castaic Rd, Castaic, CA 91384, USA",4.9,http://www.laindiancuisine.com/,2,Los Angeles,CA
Agra Cafe Indian Cuisine,"4325 Sunset Blvd, Los Angeles, CA 90029, USA",4,https://www.agracafeonline.com/,2,Los Angeles,CA
Samosa House,"11510 Washington Blvd, Los Angeles, CA 90066, USA",4.2,http://www.samosahouse.com/,1,Los Angeles,CA
Southern Spice Indian Restaurant - Lawndale,"15651 Hawthorne Blvd Ste H, Lawndale, CA 90260, USA",4.6,http://southernspicela.com/,2,Los Angeles,CA
Annapurna Cuisine,"10200 Venice Blvd., Culver City, CA 90232, USA",4.3,https://www.annapurnacuisine.com/,2,Los Angeles,CA
Bollywood Cafe Indian Restaurant-Studio City,"11101 Ventura Blvd, Studio City, CA 91604, USA",4.6,https://www.bollywoodcafela.com/,2,Los Angeles,CA
Royal Indian Tandoori,"1934 W 3rd St, Los Angeles, CA 90057, USA",4.3,https://royalindiantandoorila.com/,2,Los Angeles,CA
The Indian Kitchen,"8165 Santa Monica Blvd, West Hollywood, CA 90046, USA",4.4,http://www.indiankitchenweho.com/,2,Los Angeles,CA
Manas Indian Cuisine,"2823 S Vermont Ave, Los Angeles, CA 90007, USA",3.8,http://manasla.com/,2,Los Angeles,CA
Curry Kingdom,"8281 Santa Monica Blvd, West Hollywood, CA 90046, USA",4.6,https://www.currykingdomweho.com/order,2,Los Angeles,CA
Curry boys,"517 S Spring St, Los Angeles, CA 90013, USA",4.4,,2,Los Angeles,CA
Pijja Palace,"2711 Sunset Blvd, Los Angeles, CA 90026, USA",4.1,https://www.pijjapalace.com/,2,Los Angeles,CA
Biriyani Kabob House,"3525 W 3rd St, Los Angeles, CA 90020, USA",4.1,http://www.biriyanikabobhouse.com/,1,Los Angeles,CA
Flavor of India West Hollywood,"7950 Sunset Blvd #105, Los Angeles, CA 90046, USA",4.6,https://flavorofindia.com/,2,Los Angeles,CA
Tulsi Indian Eatery (Northridge),"19535 Nordhoff St Suite 50, Northridge, CA 91324, USA",4.2,http://www.tulsieatery.com/,2,Los Angeles,CA
Himalayan House,"1277 W Jefferson Blvd, Los Angeles, CA 90007, USA",4.2,http://himalayanhouse.org/,2,Los Angeles,CA
ANARBAGH,"22721 Ventura Blvd, Woodland Hills, CA 91364, USA",4.3,https://www.anarbaghindiancuisine.com/,2,Los Angeles,CA
Sham India's Oven,"11645 Wilshire Blvd #200, Los Angeles, CA 90025, USA",4.3,https://indiasoven.com/,2,Los Angeles,CA
Plate50LA Indian & Sri Lankan Restaurant,"2411 W Olympic Blvd #5, Los Angeles, CA 90006, USA",4.4,http://plate50la.com/,2,Los Angeles,CA
Flavor of India Studio City,"12321 Ventura Blvd, Studio City, CA 91604, USA",4.6,http://www.flavorofindia.com/,2,Los Angeles,CA
La India’s Clay Pit Silver Lake,"309 Virgil Ave, Los Angeles, CA 90004, USA",3.7,https://smorefood.com/order-online/indias-clay-pit-los-angeles-90004-xn7zpkq5?utm_source=gmb&utm_medium=website,2,Los Angeles,CA
Bollywood Grill,"6756 Hollywood Blvd, Hollywood, CA 90028, USA",4.1,http://www.bollywoodgrillla.com/,2,Los Angeles,CA
CaliChilli - Unauthentic Indian Restaurant,"4111 N Viking Way, Long Beach, CA 90808, USA",4.6,http://www.cali-chilli.com/,2,Los Angeles,CA
Nizam Indian Cuisine,"10871 W Pico Blvd, Los Angeles, CA 90064, USA",4.2,http://www.nizamla.com/,2,Los Angeles,CA
Bollywood Bites,"1051 Gayley Ave, Los Angeles, CA 90024, USA",4.3,http://www.thebollywoodbites.com/,2,Los Angeles,CA
Mr. Masala,"949 S Figueroa St, Los Angeles, CA 90015, USA",3.8,https://www.mrmasalala.com/,2,Los Angeles,CA
Arth Bar & Kitchen - Indian Restaurant in Culver City,"9531 Culver Blvd, Culver City, CA 90232, USA",4.4,http://www.arthla.com/,2,Los Angeles,CA
Anarbagh Indian Restaurant,"4656 Franklin Ave, Los Angeles, CA 90027, USA",4.1,http://www.anarbaghlaca.com/,2,Los Angeles,CA
Rajdhani,"18525 Pioneer Blvd 2nd floor, Artesia, CA 90701, USA",4.2,http://rajdhaniofartesia.com/,2,Los Angeles,CA
Taj Mahal of India,"8566 W Pico Blvd, Los Angeles, CA 90035, USA",4.1,https://www.tajmahalofindiarestaurantca.com/?utm_source=gmb&utm_medium=website,1,Los Angeles,CA
Tara's Himalayan Cuisine,"10855 Venice Blvd., Los Angeles, CA 90034, USA",4.4,https://www.tarashimalayancuisine.com/tarashimalayancuisine-la,2,Los Angeles,CA
Aladin Sweets & Market Inc,"139 Vermont Ave, Los Angeles, CA 90004, USA",4,http://www.aladinla.com/,1,Los Angeles,CA
Tulsi Indian Eatery (Westwood),"10916 Lindbrook Dr, Los Angeles, CA 90024, USA",4.1,http://www.tulsieatery.com/,2,Los Angeles,CA
Tandoori Eats,"10004 National Blvd, Los Angeles, CA 90034, USA",4.5,http://tandoorieats.com/,2,Los Angeles,CA
Bhookhe,"18633 Pioneer Blvd, Artesia, CA 90701, USA",4.4,https://bhookhe.com/,2,Los Angeles,CA
House of Curry,"1888 S Western Ave, Los Angeles, CA 90006, USA",4.1,https://www.houseofcurryus.com/,2,Los Angeles,CA
Bombay Darbar,"2901 Florida Ave, Miami, FL 33133, USA",4.6,https://www.bombaydarbar.com/,2,Miami,FL
Akash Miami Beach,"1435 Alton Rd, Miami Beach, FL 33139, USA",4.6,https://akashmiamibeach.com/,2,Miami,FL
Maharaja indian cuisine,"7901 Biscayne Blvd, Miami, FL 33138, USA",4.8,,2,Miami,FL
Ashoka Indian Restaurant Miami,"295 NW 82nd Ave, Miami, FL 33126, USA",4.4,https://ashokamiami.com/miami/?utm_source=GMB&utm_medium=Website+Button&utm_id=AshokaIndianRestaurantMiami,2,Miami,FL
Namaste Miami - Indian Cuisine & Restaurant in Miami | Unlimited Thali Lunch in Miami | Catering Services Miami,"221 Navarre Ave, Coral Gables, FL 33134, USA",4.4,https://namastemiami305.com/,2,Miami,FL
The Great Indian kitchen - Miami,"1900 NE Miami Ct, Miami, FL 33132, USA",4.4,https://www.greatkitchenmiami.com/,2,Miami,FL
Rishtedar,"232 NW 24th St, Miami, FL 33127, USA",4.4,https://rishtedar.com/,2,Miami,FL
Urban Rrasoi - Kendall,"13720 SW 88th St, Miami, FL 33186, USA",4.8,https://urbanrrasoi.com/?y_source=1_OTY1NzIwNDMtNzE1LWxvY2F0aW9uLndlYnNpdGU%3D,2,Miami,FL
Bombay Darbar Doral,"8405 NW 53rd St SUITE E101, Doral, FL 33166, USA",4.9,https://www.bombaydarbar.com/,2,Miami,FL
Bombay Corner,"1806 SW 22nd Ave, Miami, FL 33145, USA",4.7,https://bombaycornermiami.com/,2,Miami,FL
Namaste Indian Cuisine,"12749 Biscayne Blvd, North Miami, FL 33181, USA",4.7,http://www.namasteic.com/,2,Miami,FL
Zaika Indian Cuisine,"2176 NE 123rd St, North Miami, FL 33181, USA",4.5,https://zaikamiami.com/,2,Miami,FL
Bengal Indian Cuisine,"109 NE 1st Ave, Miami, FL 33132, USA",4.4,http://bengalindiancuisine.com/,2,Miami,FL
Ghee - Dadeland,"8965 SW 72nd Pl, Kendall, FL 33156, USA",4.3,https://gheemiami.com/,2,Miami,FL
"Taj Mahal ""MiamiHits"" Indian Cuisine, Midtown","185 NW 36th St, Miami, FL 33127, USA",4.5,http://tajmahalmiamihits.com/,2,Miami,FL
GOLDEN CHARIOT INDIAN RESTAURANT,"18201B Biscayne Blvd, Aventura, FL 33160, USA",4.8,https://www.goldenchariotindianrestaurant.com/,2,Miami,FL
Ifra’s Indian Kitchen,"9543 S Dixie Hwy, Pinecrest, FL 33156, USA",4.7,http://www.ifrasindiankitchen.com/,2,Miami,FL
Chotu -Indian Street Food,"1653 N Miami Ave, Miami, FL 33136, USA",5,https://www.chotumiami.com/,2,Miami,FL
Ayesha Indian Fine Dining - Midtown,"120 Buena Vista Blvd, Miami, FL 33127, USA",3.9,https://ayeshagroupmiami.com/,1,Miami,FL
Raja's Indian Cuisine,"33 NE 2nd Ave, Miami, FL 33132, USA",3.7,https://rajasindiancuisinefl.com/,1,Miami,FL
Dana Pani Indian Kitchen,"Kitchen labs, 31 NW 9th St, Miami, FL 33136, USA",3.8,https://order.tryotter.com/s/dana-pani-indian-kitchen/31-northwest-9th-street-miami/47d977f3-98e5-4f52-a415-9f5139563612,2,Miami,FL
Curry Junction,"1900 NE Miami Ct, Miami, FL 33132, USA",1.3,,2,Miami,FL
Heart of India,"7950 SW 8th St, Miami, FL 33144, USA",4.2,,2,Miami,FL
Taj Mahal Indian Cuisine(North Miami),"2216 NE 123rd St, North Miami, FL 33181, USA",4.5,http://www.tajmahalnorthmiami.com/,2,Miami,FL
Bawarchi Biryanis - Miami,"10720 W Flagler St #15, Miami, FL 33174, USA",4,https://bawarchibiryanimiami.com/?utm_source=google,2,Miami,FL
Chotu Indian Street Food,"The Lincoln Eatery, 723 Lincoln Ln N, Miami Beach, FL 33139, USA",4.2,,2,Miami,FL
Masala Indian Kitchen,"326 SW 17th Ave, Miami, FL 33135, USA",4,https://simplyindians.net/,2,Miami,FL
Indian Gate restaurant,"6101 NW 17th Ave, Miami, FL 33142, USA",4.3,,2,Miami,FL
Halal Bengali/Indian Restaurant & Halal Market,"7904 West Dr #5, North Bay Village, FL 33141, USA",4.4,http://www.miamihalals.com/,2,Miami,FL
Achar Street Kitchen,"200 E Flagler St, Miami, FL 33131, USA",3.9,https://acharstreet.kitchen/,2,Miami,FL
Firangi FooD with Masala,"7695 SW 98th St, Miami, FL 33156, USA",4.6,https://firangifood.com/,2,Miami,FL
Ayesha Indian Fine Dining - Palmetto Bay,"14151 S Dixie Hwy, Miami, FL 33176, USA",4.1,https://www.ayeshagroupmiami.com/,2,Miami,FL
Bollywood Masala,"7400 SW 57th Ave #4, Miami, FL 33143, USA",4,,1,Miami,FL
Ayesha Indian Fine Dining - Key Biscayne,"328 Crandon Blvd 115 shop, Key Biscayne, FL 33149, USA",4.2,https://www.ayeshagroupmiami.com/,2,Miami,FL
Urban Rrasoi - Cutler Bay,"20218 Old Cutler Rd, Cutler Bay, FL 33189, USA",4.7,https://cutlerbay.urbanrrasoi.com/,2,Miami,FL
Lazeez Cuisine,"13919 SW 66th St, Miami, FL 33183, USA",4.6,https://www.lazeezasiancuisinemiami.com/5nyr2iul/lazeez-asian-cuisine-miami-33183/order-online,2,Miami,FL
"Arun's Indian Kitchen - Coral Springs, FL","10278 W Sample Rd, Coral Springs, FL 33065, USA",4.6,http://arunsindiankitchen.com/,1,Miami,FL
Sajna Indian Cuisine,"1933 Hollywood Blvd, Hollywood, FL 33020, USA",4.5,http://www.sajnaindiancuisine.com/,2,Miami,FL
BOWL N CURRY,"11401 NW 12th St K-101, Miami, FL 33172, USA",4.7,https://shopdolphinmall.com/stores/bowl-n-curry,1,Miami,FL
Ashoka Indian Restaurant Pinecrest,"12663 S Dixie Hwy, Pinecrest, FL 33156, USA",4.2,https://ashokamiami.com/pinecrest/,2,Miami,FL
Maharaja Bistro & Cafe,"7256 W Oakland Park Blvd, Lauderhill, FL 33313, USA",4.8,,2,Miami,FL
Safron Grill,"1049 Washington Ave, Miami Beach, FL 33139, USA",4.5,https://menupages.com/safron-kebabs/1049-washington-ave-miami-beach?utm_source=eat24hrs.com&utm_medium=grubhub-owned-delivery-properties&utm_campaign=growth_redirect-eat24whitelabel,1,Miami,FL
The Mughal Restaurant,"2100 N University Dr, Pembroke Pines, FL 33024, USA",3.8,,2,Miami,FL
Akash Kendall,"15516 SW 72nd St, Miami, FL 33193, USA",4.9,http://www.akashkendall.com/,2,Miami,FL
Naan Traditional,"5421 NW 1st Ave, Miami, FL 33127, USA",5,https://naantraditional.square.site/,1,Miami,FL
Jashan,"2100 21st Ave S, Nashville, TN 37212, USA",4.7,http://www.jashannashville.com/,2,Nashville,TN
Chauhan Ale and Masala House,"123 12th Ave N, Nashville, TN 37203, USA",4.4,https://www.chauhannashville.com/,2,Nashville,TN
Honest Indian Vegetarian Restaurant,"923 Bell Rd, Antioch, TN 37013, USA",4.9,https://honestnashvilletn.com/,2,Nashville,TN
Curry and Tikka,"55 E Thompson Ln #105, Nashville, TN 37211, USA",4.7,https://www.thecurryandtikka.com/,2,Nashville,TN
Curry Corner,"5119 Nolensville Pk, Nashville, TN 37211, USA",4.9,http://currycornertn.com/,2,Nashville,TN
Bombay Palace Restaurant,"2912 West End Ave, Nashville, TN 37203, USA",4.3,http://bombaypalacetn.net/,2,Nashville,TN
Devi's Indian Kitchen,"614 18th Avenue N, Nashville, TN 37203, USA",4.5,http://devisindiankitchen.com/,2,Nashville,TN
Nawabi Hyderabad House - Biryani Place Nashville,"106 29th Ave N, Nashville, TN 37203, USA",4.4,https://hyderabadhousenashville.com/?utm_source=google,2,Nashville,TN
Indus Kitchen- Best Indian kitchen,"13001 Old Hickory Blvd, Antioch, TN 37013, USA",4.9,http://induskitchentn.com/,2,Nashville,TN
Sindoore,"457 Donelson Pike, Nashville, TN 37214, USA",4.5,http://www.sindoore.com/,2,Nashville,TN
Masala Eatery,"614 18th Avenue N, Nashville, TN 37203, USA",4.6,https://masalaeatery.com/,2,Nashville,TN
Woodlands Indian Vegetarian Cuisine,"3415 West End Ave, Nashville, TN 37203, USA",4.4,https://woodlandstennessee.com/?utm_source=google,2,Nashville,TN
615chuTNey - A Very Indian Affair,"7075 Hwy 70 S, Nashville, TN 37221, USA",4.6,https://www.nashvillechutney.com/online-ordering/615chutney-restaurant/menu,2,Nashville,TN
Sitar Indian Cuisine,"116 21st Ave N, Nashville, TN 37203, USA",4,https://nashvillesitarindian.com/,2,Nashville,TN
Saffron The Indian Kitchen,"Assembly Food Hall, 5055 Broadway, Nashville, TN 37203, USA",4.2,https://www.saffrontheindiankitchen.com/,2,Nashville,TN
Best of India Nashville,"5815 D, Charlotte Pike, Nashville, TN 37209, USA",4.3,http://qmenu.us/#/best-of-india-nashville,2,Nashville,TN
Ugadi Indian Grill - Nolensville,"515 Burkitt Commons Ave, Nolensville, TN 37135, USA",4.9,https://www.ugadiindiangrill.com/,2,Nashville,TN
Middle Eatz,"412 Harding Pl #104, Nashville, TN 37211, USA",4.8,https://www.facebook.com/middleeatz,2,Nashville,TN
Taj Indian Restaurant,"412 Harding Pl, Nashville, TN 37211, USA",4.2,http://www.tajnashville.com/,2,Nashville,TN
Surati Indian Street Food,"4047 Nolensville Pk, Nashville, TN 37211, USA",4.3,https://suratistreetfood.com/,2,Nashville,TN
Eggholic - Indian Veg & Egg Street Food,"412 Harding Pl #106, Nashville, TN 37211, USA",4.6,http://theeggholic.com/,1,Nashville,TN
NAMASTE INDIAN RESTAURANT AND BAR,"9040 Carothers Pkwy Suite B111, Franklin, TN 37067, USA",4.6,https://namastefranklin.com/,2,Nashville,TN
Ramadan Restaurant,"1041 Murfreesboro Pike, Nashville, TN 37217, USA",4.6,,1,Nashville,TN
House of India,"9100A Carothers Pkwy Suite 105, Franklin, TN 37067, USA",4.5,http://www.houseofindiatn.com/,2,Nashville,TN
Amaravati Indian Cuisine,"5012 Thoroughbred Ln, Brentwood, TN 37027, USA",4.3,https://amaravatitn.com/,2,Nashville,TN
BawarcHi Biryanis Mt. Juliet,"151 Adams Ln #7, Mt. Juliet, TN 37122, USA",4.6,https://food.orders.co/bawarchibiryanismtjuliet,2,Nashville,TN
Bawarchi Biryani Point - Franklin,"625 Bakers Bridge Ave #100, Franklin, TN 37067, USA",4.1,http://order.spoton.com/6581fd574042f683e19b4e56,2,Nashville,TN
Shalimar Indian Kitchen,"614 18th Avenue N, Nashville, TN 37203, USA",4.2,https://www.facebook.com/ShalimarNashville,2,Nashville,TN
Persis Biryani Indian Grill,"630 S Mt Juliet Rd, Mt. Juliet, TN 37122, USA",4.3,http://persisnashville.com/,2,Nashville,TN
The Clay Pit Indian Cuisine Restaurant & Bar,"1312 NW Broad St, Murfreesboro, TN 37129, USA",4.8,https://theclaypitrestaurants.com/?utm_source=google,2,Nashville,TN
Green Chili Indian Restaurant,"707 Rivergate Pkwy, Goodlettsville, TN 37072, USA",4.5,https://greenchilitn.site/,2,Nashville,TN
Swagruha,"900 Rosa L Parks Blvd, Nashville, TN 37208, USA",4,,1,Nashville,TN
Bayleaf Indian Restaurant,"5024 Spedale Ct, Spring Hill, TN 37174, USA",4.8,https://bayleafindianrestaurant.com/?utm_source=google,2,Nashville,TN
Inchin's Bamboo Garden,"1800 West End Ave, Nashville, TN 37203, USA",4.3,http://www.bamboo-gardens.com/,2,Nashville,TN
Cafe India,"101 International Dr #106, Franklin, TN 37067, USA",4.3,https://www.cafeindiafranklin.com/,1,Nashville,TN
Chutneys Indian Fusion Cuisine,"710 Memorial Blvd #220, Murfreesboro, TN 37129, USA",4.8,,2,Nashville,TN
Curry House Restaurant,"669 President Pl, Smyrna, TN 37167, USA",4.4,http://curryhousetn.com/,2,Nashville,TN
Golden Pizza & Indian Cuisine,"127 Franklin Rd #180, Brentwood, TN 37027, USA",4.7,http://goldenpizzaindiancuisine.com/,2,Nashville,TN
Everest Restaurant and Bar,"1309 Bell Rd #220, Antioch, TN 37013, USA",4.5,http://www.everestrestaurantandbar.com/,2,Nashville,TN
Gully Boyz,"900 Main St, Nashville, TN 37206, USA",4.6,https://www.gully-boyz.com/,2,Nashville,TN
Chai Samosa,"330 Mayfield Dr Suite# C1, Franklin, TN 37067, USA",4.3,http://www.chaisamosa.us/,2,Nashville,TN
Junoon,"19 W 24th St, New York, NY 10010, USA",4.3,https://www.junoonnyc.com/,4,New York City,NY
GupShup,"115 E 18th St (Between Park Ave &, Irving Pl, New York, NY 10003, USA",4.3,https://www.gupshupnyc.com/,2,New York City,NY
Indian Accent,"123 W 56th St, New York, NY 10019, USA",4.4,http://indianaccent.com/newyork,4,New York City,NY
Cloves Indian Cuisine,"66 Madison Ave Store B, New York, NY 10016, USA",4.8,http://clovesindiannyc.com/,2,New York City,NY
Bombay Chowk,"1378 1st Avenue, Bet 73 &, E 74th St, New York, NY 10021, USA",4.7,https://www.bombaychowk.com/,2,New York City,NY
Atithi,"159 Grand St, Brooklyn, NY 11249, USA",4.8,http://atithirestaurantnyc.com/,2,New York City,NY
Patiala Indian Grill,"371 W 34th St., New York, NY 10001, USA",4.5,http://www.patialany.com/,1,New York City,NY
Jazba,"207 2nd Ave, New York, NY 10003, USA",4.3,http://www.jazbanyc.com/,2,New York City,NY
Vatan,"409 3rd Ave, New York, NY 10016, USA",4.4,https://vatanny.com/,3,New York City,NY
Patiala Indian Grill & Bar,"240 W 35th St, New York, NY 10001, USA",4.8,https://patialany.com/,2,New York City,NY
Red Onion Indian Lunch Brunch Dinner,"277 E 10th St, New York, NY 10009, USA",4.9,https://www.redonionnyc.com/,2,New York City,NY
Utsav,"PLAZA behind the building, 1185 6th Ave, New York, NY 10036, USA",4,https://utsavny.com/,2,New York City,NY
Bengal Tiger,"234 W 56th St, New York, NY 10019, USA",4.5,http://www.bengaltigerindianfood.com/,2,New York City,NY
Indigo Indian Restaurant & Bar,"615 9th Ave, New York, NY 10036, USA",4.7,https://www.indigoindiancuisine.com/,2,New York City,NY
Muna,"152 E 46th St, New York, NY 10017, USA",4.8,http://www.munanyc.com/,2,New York City,NY
Dhamaka,"119 Delancey St, New York, NY 10002, USA",4.5,http://dhamaka.nyc/,3,New York City,NY
Tamarind Tribeca,"99 Hudson St, New York, NY 10013, USA",4.2,http://www.tamarindtribeca.com/,4,New York City,NY
Angel,"7414 37th Rd, Jackson Heights, NY 11372, USA",4.7,http://www.angelindianny.com/,1,New York City,NY
Goa New York,"78 Leonard St, New York, NY 10013, USA",3.9,https://www.goa-nyc.com/,2,New York City,NY
Gazab,"179 Essex St, New York, NY 10002, USA",4.5,http://www.gazabnyc.com/,2,New York City,NY
Dhaba,"108 Lexington Ave, New York, NY 10016, USA",4,https://www.dhabanyc.com/,2,New York City,NY
SARAVANAA BHAVAN,"81 Lexington Ave, New York, NY 10016, USA",4.2,https://www.saravanaabhavan.us/,2,New York City,NY
Chola,"232 E 58th St, New York, NY 10022, USA",4.3,http://www.cholany.com/,2,New York City,NY
Baar Baar,"13 E 1st St, New York, NY 10003, USA",4,http://baarbaarnyc.com/,3,New York City,NY
Kailash Parbat,"99 Lexington Ave, New York, NY 10016, USA",4.1,https://kailashparbatnyc.com/,2,New York City,NY
Benares,"45 Murray St, New York, NY 10007, USA",4.2,http://www.benaresnyc.com/,2,New York City,NY
Bombay Grill House,"764 9th Ave, New York, NY 10019, USA",4.4,https://bombaygrillhouse.nyc/,2,New York City,NY
Pippali,"129 E 27th St, New York, NY 10016, USA",4.3,http://www.pippalinyc.com/,2,New York City,NY
Empyrean Indian Kitchen Times Square NYC,"Times Square Indian Restaurant, 245 W 46th St, New York, NY 10036, USA",5,https://www.empyreankitchennyc.com/,2,New York City,NY
India At Times Square,"332 W 44th St, New York, NY 10036, USA",4.1,https://indiaattimessquare.com/,2,New York City,NY
Sathi,"216 3rd Ave, New York, NY 10003, USA",4.6,http://www.sathinewyork.com/,2,New York City,NY
Veeray da Dhaba,"222 1st Ave., New York, NY 10009, USA",4.6,http://www.veeraydadhaba.com/,2,New York City,NY
Anjappar Indian Cuisine,"116 Lexington Ave, New York, NY 10016, USA",4.6,https://www.anjapparindiancuisine.getsauce.com/,2,New York City,NY
Bhatti Indian Grill,"100 Lexington Ave, New York, NY 10016, USA",4.1,http://bhattinyc.com/,2,New York City,NY
HYDERABADI ZAIQA,"366 W 52nd St, New York, NY 10019, USA",4.5,http://hyderabadizaiqa.com/,2,New York City,NY
Ahimsa,"204 E 38th St, New York, NY 10016, USA",4.4,http://ahimsanyc.com/,2,New York City,NY
Spice Mantra,"1047 2nd Ave, New York, NY 10022, USA",4.7,https://spicemantranyc.com/,2,New York City,NY
Jaz Indian Cuisine,"813 9th Ave, New York, NY 10019, USA",4.5,https://www.jazindiancuisine.com/,2,New York City,NY
Mughlai Indian Cuisine,"120 Cedar St, New York, NY 10006, USA",4.3,http://mughlaicuisineny.com/,2,New York City,NY
India Palace,"401 E 62nd St, New York, NY 10065, USA",4.5,http://www.indiapalacenyc.com/,2,New York City,NY
Semma,"60 Greenwich Ave, New York, NY 10011, USA",4.2,http://semma.nyc/,2,New York City,NY
Indian Kitchen,"739 Grand St, Brooklyn, NY 11211, USA",4.8,https://www.orderindiankitchenny.com/,2,New York City,NY
Mughlai Grill Indian Cuisine,"6 Clinton St, New York, NY 10002, USA",4.6,https://www.mughlaigrillny.com/,2,New York City,NY
Lungi South Indian & Sri Lankan Restaurant,"1136 1st Ave., New York, NY 10065, USA",4.6,http://lungirestaurant.com/,2,New York City,NY
Paisley,"429 Greenwich St, New York, NY 10013, USA",4.6,https://paisleyrestaurantnyc.com/,3,New York City,NY
Cardamom Indian Cuisine,"43-45 43rd street, Queens Blvd, Sunnyside, NY 11104, USA",4.5,http://cardamom.nyc/,1,New York City,NY
Honest Indian Restaurant,"176 Bleecker St, New York, NY 10012, USA",4.5,http://www.nychonest.com/,2,New York City,NY
Thelewala,"112 MacDougal St, New York, NY 10012, USA",4.3,https://thelewalany.com/,1,New York City,NY
Clove,"1592 Amsterdam Ave, New York, NY 10031, USA",4.4,http://www.cloveindian.com/?utm_source=gmb&utm_medium=website,1,New York City,NY
Sahib,"104 Lexington Ave, New York, NY 10016, USA",4.3,http://www.sahib-nyc.com/,2,New York City,NY
aRoqa,"206 9th Ave, New York, NY 10011, USA",4.3,http://www.aroqanyc.com/,3,New York City,NY
Masalawala & Sons,"365 5th Ave, Brooklyn, NY 11215, USA",4.5,http://www.masalawala.com/,3,New York City,NY
Brick Lane Curry House,"79 2nd Ave, New York, NY 10003, USA",4.1,https://bricklanecurryhouse.com/?utm_source=google,2,New York City,NY
Raj's Indian Kitchen FiDi,"53 Nassau St, New York, NY 10038, USA",4.2,,2,New York City,NY
Darbar Grill,"157 E 55th St, New York, NY 10022, USA",4,https://darbargrill.com/,2,New York City,NY
Aashirwad Indian Food & Bar,"7000 S Kirkman Rd, Orlando, FL 32819, USA",4.6,https://www.aashirwadrestaurant.com/,2,Orlando,FL
Bombay Street Kitchen,"6215 S Orange Blossom Trl, Orlando, FL 32809, USA",4.6,http://www.bombaykitchenorlando.com/,2,Orlando,FL
Saffron Indian Cuisine,"7724 W Sand Lake Rd, Orlando, FL 32819, USA",4.6,https://www.saffronorlando.com/,2,Orlando,FL
Tamara Modern Indian Cuisine,"6801 Visitors Cir, Orlando, FL 32819, USA",4.8,https://www.tamaracuisine.com/,2,Orlando,FL
Gully Urban Indian Eatery,"1155 Doss Ave, Orlando, FL 32809, USA",4.6,https://www.gullyfl.com/,1,Orlando,FL
Prem Indian Cuisine,"18 N Dollins Ave K19, Orlando, FL 32805, USA",4.8,https://premindiancuisine.com/?utm_source=google,2,Orlando,FL
Woodlands,"6040 S Orange Blossom Trl, Orlando, FL 32809, USA",4.2,http://www.woodlandsusa.com/,2,Orlando,FL
Persis Indian Grill,"1109 International Pkwy #1601, Lake Mary, FL 32746, USA",4.8,https://www.persisorlandotogo.com/,2,Orlando,FL
The Madras Cafe,"7730 W Sand Lake Rd, Sand Lake, FL 32819, USA",4.5,http://www.themadrascafefl.com/,2,Orlando,FL
Tabla Indian Restaurant,"5847 Grand National Dr, Orlando, FL 32819, USA",4.5,https://www.tablacuisine.com/,2,Orlando,FL
Royal Southern Kitchen,"401 N Semoran Blvd, Winter Park, FL 32792, USA",4.7,https://www.royalsouthernkitchen.com/,2,Orlando,FL
Bawarchi Biryanis Orlando,"6315 International Dr, Orlando, FL 32819, USA",4.1,http://www.bawarchiorlando.com/,2,Orlando,FL
Friends Indian Cuisine,"1375 S Semoran Blvd, Orlando, FL 32807, USA",4.8,http://friendsindiancuisine.com/,1,Orlando,FL
Dada Indian Cuisine,"2447 S Orange Ave, Orlando, FL 32806, USA",4.7,https://dadaindiancuisine.com/,2,Orlando,FL
Tabla Indian Restaurant Lake Nona,"9971 Tagore Pl Suite 9, Orlando, FL 32827, USA",4.5,http://www.tablacuisine.com/location/lake-nona-indian-restaurant,2,Orlando,FL
Mynt Fine Indian Cuisine,"535 W New England Ave, Winter Park, FL 32789, USA",4.6,http://www.myntorlando.com/,2,Orlando,FL
Curry Mantra Indian Cuisine,"6127 Westwood Blvd, Orlando, FL 32821, USA",4.4,http://cmorlando.com/,2,Orlando,FL
Little Curry House / Telangana House / Vegan Junction / Seasons of India Takeout-Only,"18 N Dollins Ave, Orlando, FL 32805, USA",4.6,https://direct.chownow.com/order/38642/locations/58827,2,Orlando,FL
Curry Bowl Orlando - Modern Indian Cuisine,"1700 Fennell St #3, Maitland, FL 32751, USA",4.6,https://www.currybowlorlando.getsauce.com/?utm_source=GMB&utm_medium=Website%20button&utm_id=Curry%20Bowl%20Orlando,2,Orlando,FL
Sanaa,"3701 Osceola Pkwy, Kissimmee, FL 34747, USA",4.7,https://disneyworld.disney.go.com/dining/animal-kingdom-villas-kidani/sanaa/?CMP=OKC-293704_GM_WDW_dining_sanaa_NA,2,Orlando,FL
Taste of Punjab,"4980 W Irlo Bronson Memorial Hwy #192, Kissimmee, FL 34746, USA",4.4,https://www.tasteofpunjaborlando.com/,2,Orlando,FL
New Punjab Indian Restaurant,"7451 International Dr, Orlando, FL 32819, USA",4.1,http://www.newpunjabindianrestaurant.com/,2,Orlando,FL
Khasiyat Indian Restaurant,"852 W Lancaster Rd # B, Orlando, FL 32809, USA",4.4,http://www.khasiyatrestaurant.com/,1,Orlando,FL
Tamarind Indian Cuisine,"501 Orlando Ave Suite #149, Winter Park, FL 32789, USA",4.7,https://www.tamarindfl.com/,2,Orlando,FL
Tabla Indian Restaurant Oviedo,"945 City Plaza Way Ste 1001, Oviedo, FL 32765, USA",4.7,https://www.tablacuisine.com/location/oviedo-indian-restaurant,2,Orlando,FL
Indian Pavilion,"13770 W Colonial Dr #120, Winter Garden, FL 34787, USA",4.9,https://www.indianpavilionfl.com/,2,Orlando,FL
Kohinoor Indian Restaurant,"249 W State Rd 436 #1093, Altamonte Springs, FL 32714, USA",4.7,http://www.kohinoorfl.com/,2,Orlando,FL
Punjab Kitchen,"5479 W Irlo Bronson Memorial Hwy, Kissimmee, FL 34746, USA",4.4,https://punjabkitchenorlando.com/,2,Orlando,FL
Divine Indian Cuisine,"7696 W Irlo Bronson Memorial Hwy, Kissimmee, FL 34747, USA",4.4,http://www.divineindiancuisinefl.com/,2,Orlando,FL
Charcoal Zyka,"10249 S John Young Pkwy #109, Orlando, FL 32837, USA",4.2,https://www.charcoalzyka.com/,2,Orlando,FL
Bombay Grill & Gyro,"11741 S Orange Blossom Trl, Orlando, FL 32837, USA",4.3,https://bombaygrillobt.square.site/,1,Orlando,FL
Tabla Indian Restaurant Winter Park,"216 N Park Ave # H, Winter Park, FL 32789, USA",4.5,http://www.tablacuisine.com/location/winter-park-indian-restaurant/,2,Orlando,FL
Spice Indian Grill Orlando,"4498 North Alafaya Trail Video Viewing, Orlando, FL 32826, USA",4.4,https://spiceindiangrillorlando.com/store,2,Orlando,FL
Cilantro Indian Cuisine,"360 W Plant St #103, Winter Garden, FL 34787, USA",4.6,http://www.cilantrowg.com/,2,Orlando,FL
Awarded Gateway To India Longwood,"790 E State Rd 434, Longwood, FL 32750, USA",4.4,https://gatewaytoindiarestaurant.biz/,2,Orlando,FL
Honest Restaurant,"1718 Sand Lake Rd C104, Orlando, FL 32809, USA",3.8,https://www.clover.com/online-ordering/honest-orlando-orlando,2,Orlando,FL
Ahmed Indian Restaurant OBT,"11301 S Orange Blossom Trl #104, Orlando, FL 32837, USA",4.2,http://www.ahmedrestaurant.com/,1,Orlando,FL
Naan Stopp Indian Restaurant,"5845 Winter Garden Vineland Rd #130, Windermere, FL 34786, USA",4.4,http://naanstopp.com/,2,Orlando,FL
Sizler Tandoori Restaurant,"7511 International Dr, Orlando, FL 32819, USA",3.8,https://sizlerorlando.com/,2,Orlando,FL
Indian Hut,"4642 S Kirkman Rd, Orlando, FL 32811, USA",3.8,https://indianhut.com/,1,Orlando,FL
Singh's Roti Shop,"5244 Old Winter Garden Rd, Orlando, FL 32811, USA",3.9,,1,Orlando,FL
Tawa Modern Indo-Pak Cuisine (halal food),"7536 Dr Phillips Blvd #360, Orlando, FL 32819, USA",4,https://www.tawaorlandoorder.com/,2,Orlando,FL
Chaat House,"9472 S Orange Blossom Trl, Orlando, FL 32837, USA",3.8,http://www.chaathouseusa.com/,2,Orlando,FL
Taj Mahal Indian Restaurant,"8554 International Dr, Orlando, FL 32819, USA",3.8,http://www.tajmahalorlando.com/,2,Orlando,FL
Kabab King,"11352 S Orange Blossom Trl, Orlando, FL 32837, USA",4.2,https://kababkingfl.com/?utm_source=google,2,Orlando,FL
Royal Indian Cuisine and Bar,"8216 World Center Dr Suite A, Orlando, FL 32821, USA",4.2,https://royalindiancuisineandbarfl.com/,2,Orlando,FL
Ahmed Indian Restaurant Waterford Lakes,"688 N Alafaya Trail Ste #108, Orlando, FL 32828, USA",4.4,http://www.ahmedrestaurant.com/,2,Orlando,FL
Ahmed Indian Restaurant UCF,"10042 University Blvd, Orlando, FL 32817, USA",4.4,https://www.ahmedrestaurant.com/s/order,1,Orlando,FL
BBQ Tonight Indian Restaurant and Caterings,"11701 International Dr #310, Orlando, FL 32821, USA",3.9,,2,Orlando,FL
Golden Dynasty Chinese & Indian,"11981 S Apopka Vineland Rd, Orlando, FL 32836, USA",4,http://thegoldendynasty.com/,2,Orlando,FL
Naatu Naatu Indian Vegetarian Cuisine,"12185 S Apopka Vineland Rd, Orlando, FL 32836, USA",4.2,http://www.naatunaatuveg.com/,2,Orlando,FL
Charminar Indian Restaurant & Catering,"6755 Mira Mesa Blvd Ste 111, San Diego, CA 92121, USA",4.4,https://www.charminarsd.com/,2,San Diego,CA
Madras Cafe Indian Restaurant & Catering,"10066 Pacific Heights Blvd #106, San Diego, CA 92121, USA",4.5,https://www.madrascafesd.com/,2,San Diego,CA
Curryosity,"3023 Juniper St, San Diego, CA 92104, USA",4.3,https://curryositysd.com/,2,San Diego,CA
Tandoori Vibes - Indian Restaurant & catering,"6165 El Cajon Blvd Suite E, San Diego, CA 92115, USA",4.7,http://tandoorivibes.com/,2,San Diego,CA
Dosa Studio Vegetarian Restaurant & Catering,"6755 Mira Mesa Blvd #113, San Diego, CA 92121, USA",4.6,http://dosastudiosd.com/,1,San Diego,CA
Masala house Indian Restaurant & Catering,"6780 Miramar Rd, San Diego, CA 92121, USA",4.3,http://masalahousesd.com/,2,San Diego,CA
San Idli,"9550 Black Mountain Rd G, San Diego, CA 92126, USA",4.4,http://www.sanidli.com/,2,San Diego,CA
India Palace,"3960 Fifth Ave, San Diego, CA 92103, USA",4.3,https://www.indiapalacehc.com/,2,San Diego,CA
Bhojan Griha,"2367 San Diego Ave, San Diego, CA 92110, USA",4.4,https://bhojangrihaus.com/,2,San Diego,CA
Tandoori Guys - Indian Restaurant & Catering,"3555 Rosecrans St #111, San Diego, CA 92110, USA",4.6,https://pointloma.tandooriguyssd.com/,2,San Diego,CA
Taste of the Himalayas,"3185 Midway Dr, San Diego, CA 92110, USA",4.1,https://www.tasteofthehimalayaspointloma.com/,2,San Diego,CA
Royal India - San Diego,"329 Market St, San Diego, CA 92101, USA",3.9,http://www.royalindia.com/,2,San Diego,CA
Naturally Desi Cafe 'n' Catering,"16769 Bernardo Center Dr Suite K 10, San Diego, CA 92128, USA",4.4,http://www.naturallydesi.us/,2,San Diego,CA
Royal India - Miramar,"8990 Miramar Rd #200, San Diego, CA 92126, USA",4.1,http://www.royalindia.com/,2,San Diego,CA
Sattvik Foods,"8650 Miramar Rd ste b, San Diego, CA 92126, USA",4.3,https://sattvikfoods.com/?utm_source=google,1,San Diego,CA
Bombay Coast Indian Cuisine,"4705 Clairemont Dr g, San Diego, CA 92117, USA",4.3,http://bombaycoast.com/,2,San Diego,CA
Urban India Restaurant & Bar,"750 Fifth Ave, San Diego, CA 92101, USA",4,https://urbanindiasd.com/,1,San Diego,CA
Anjappar San Diego,"9474 Black Mountain Rd Suite E, San Diego, CA 92126, USA",4.4,https://www.anjapparsd.com/,2,San Diego,CA
Casa Lahori,"11975 Bernardo Plaza Dr, San Diego, CA 92128, USA",4.6,https://casalahori.com/,2,San Diego,CA
Jyoti-Bihanga,"3351 Adams Ave, San Diego, CA 92116, USA",4.7,http://www.jyotibihanga.com/,1,San Diego,CA
Tandoori House - Indian Restaurant & Catering Services,"3146 Midway Dr, San Diego, CA 92110, USA",4,https://tandoorihouseca.com/,1,San Diego,CA
Village Indian Cuisine - Indian Restaurant & Catering,"9187 Clairemont Mesa Blvd, San Diego, CA 92123, USA",4.2,http://www.villageindiancuisinesandiego.com/,1,San Diego,CA
Tandoori Hut - Indian Restaurant and Catering Service,"University Avenue, 3890 Fifth Ave, San Diego, CA 92103, USA",3.7,https://www.tandoorihutsd.com/,1,San Diego,CA
Annapurna Indian Cuisine,"10606 Camino Ruiz #6, San Diego, CA 92126, USA",3.9,https://www.sdannapurna.com/,2,San Diego,CA
Himalayan Palace Restaurant,"3760 Sports Arena Blvd #5, San Diego, CA 92110, USA",4.3,https://www.himalayanpalacesd.com/,2,San Diego,CA
Chennai Dosa Hut- Indian Restaurant,"9484 Black Mountain Rd Ste H, San Diego, CA 92126, USA",4.1,https://chennaidosasd.com/,1,San Diego,CA
Tandoor,"5608 Mission Center Rd #902, San Diego, CA 92108, USA",3.9,http://www.tandoorsandiego.com/,1,San Diego,CA
Royal India-Delmar,"3860 Valley Centre Dr, San Diego, CA 92130, USA",4.2,http://www.royalindiadelmar.com/,2,San Diego,CA
Indian Tandoor,"6755 Mira Mesa Blvd STE 110, San Diego, CA 92121, USA",4.1,http://theindiantandoor.com/,1,San Diego,CA
Punjabi Tandoor (San Diego),"9235 Activity Rd #111, San Diego, CA 92126, USA",4.2,http://www.punjabitandoor.com/,1,San Diego,CA
Spice Lounge,"859 Hornblend St, San Diego, CA 92109, USA",4.2,https://spicelounge.com/,2,San Diego,CA
Tandoori Xpress - The Indian Cuisine & Catering Services,"15817 Bernardo Center Dr #112, San Diego, CA 92127, USA",4,http://www.tandoorixpresssd.com/,1,San Diego,CA
Mirch Masala Indian Restaurant,"9254 Scranton Rd #102, San Diego, CA 92121, USA",4.1,https://mirchmasala2go.com/?utm_source=google,2,San Diego,CA
Taste of the Himalayas,"1260 University Ave, San Diego, CA 92103, USA",4.2,https://www.clover.com/online-ordering/taste-of-the-himalayas-san-diego-2,2,San Diego,CA
Delhi Kitchen,"11975 Carmel Mountain Rd #603, San Diego, CA 92128, USA",4.2,http://www.delhikitchen.com/,1,San Diego,CA
Punjabi Tandoor,"5424 Morehouse Dr, San Diego, CA 92121, USA",3.8,https://www.orderpunjabitandoor.com/,1,San Diego,CA
Himalayan Yak & Yeti & Catering Service,"6784 El Cajon Blvd Suite -- D, San Diego, CA 92115, USA",4.6,http://www.himalayanyakandyeti.com/,2,San Diego,CA
Paradise Biryani Pointe,"8995 Mira Mesa Blvd, San Diego, CA 92126, USA",3.6,https://sdparadise.com/,2,San Diego,CA
Himalayan Grill,"9842 Hibert St, San Diego, CA 92131, USA",4.4,https://himalayangrillsd.com/,2,San Diego,CA
Rasraj San Diego,"9252 Miramar Rd, San Diego, CA 92126, USA",3.7,https://rasraj.com/san-diego/,1,San Diego,CA
World Curry,"1433 Garnet Ave, San Diego, CA 92109, USA",4.3,http://www.worldcurry.com/,1,San Diego,CA
Nandri Indian Cafe,"106 E 8th St, National City, CA 91950, USA",4.9,https://nandriindiancafe.com/,1,San Diego,CA
Sapphire Indian Cuisine,"16785 Bernardo Center Dr, San Diego, CA 92128, USA",4.1,http://www.sapphiresd.com/,2,San Diego,CA
Flavor of Himalaya,"727 W San Marcos Blvd #115-116, San Marcos, CA 92078, USA",4.6,https://flavorofhimalaya.com/,2,San Diego,CA
Himalayan Cuisine,"7918 El Cajon Blvd P, La Mesa, CA 91942, USA",4.5,http://himalayancuisineone.com/,2,San Diego,CA
Himalayan House Restaurant,"201 Broadway Ste 102, Chula Vista, CA 91910, USA",4.4,http://himalayanrestaurantsd.com/,2,San Diego,CA
Khyber Pass Zarparan Restaurant,"523 University Ave, San Diego, CA 92103, USA",4.4,https://khyberpasszarparan.com/,2,San Diego,CA
Kebabish,"7050 Miramar Rd, San Diego, CA 92121, USA",4.4,https://kebabishsd.com/,2,San Diego,CA
Flavors of India - Indian Cuisine and Catering Services,"9272 Miramar Rd #20, San Diego, CA 92126, USA",4.4,https://www.flavorsofindiasd.com/,2,San Diego,CA
Himalayan Curry and Grill,"10330 Friars Rd, San Diego, CA 92120, USA",4.5,https://himalayancurryandgrill.com/,2,San Diego,CA
Taste of the Himalayas,"8895 Towne Centre Dr #115, San Diego, CA 92122, USA",4.1,https://www.sandiegotasteofthehimalayas.com/,2,San Diego,CA
Curry & More Indian Bistro,"11808 Rancho Bernardo Rd #123, San Diego, CA 92128, USA",4.1,http://www.curryandmore.com/,2,San Diego,CA
Dancing Yak by Taste Of The Himalayas,"9474 Black Mountain Rd, San Diego, CA 92126, USA",4.4,https://www.dancingyaksd.com/,2,San Diego,CA
Clay Oven Indian Cuisine & Catering Services,"1030 Torrey Pines Rd Suite E, La Jolla, CA 92037, USA",4.3,https://www.clayovenindiancuisinecalifornia.com/,2,San Diego,CA
Curry Craft - Indian Restaurant & Catering Services,"689 S Rancho Santa Fe Rd, San Marcos, CA 92078, USA",4.4,https://currycraftsd.com/,2,San Diego,CA
Taste of the Himalayas,"8008 Girard Ave #170, La Jolla, CA 92037, USA",4,https://www.tasteofthehimalayaslajolla.com/,2,San Diego,CA
Tandoori Palace - Indian Restaurant and Catering,"257 N El Camino Real, Encinitas, CA 92024, USA",4.5,http://tandooripalacesd.com/,2,San Diego,CA
Royal Indian Cuisine on Fillmore,"1740 Fillmore St, San Francisco, CA 94115, USA",4.4,https://www.royalindianonline.com/,2,San Francisco,CA
Urban Curry nepalese Indian Restaurant,"14 Larkin St, San Francisco, CA 94102, USA",3.9,https://www.urbancurryrestaurant.com/,2,San Francisco,CA
North India,"123 2nd St, San Francisco, CA 94105, USA",4.2,https://northindiasf.com/,2,San Francisco,CA
Tadka Indian Restaurant,"3066 24th St, San Francisco, CA 94110, USA",4.4,http://www.tadkasf.com/,2,San Francisco,CA
Om Indian Cuisine,"1668 Haight St, San Francisco, CA 94117, USA",4.6,https://www.omindianonline.com/,2,San Francisco,CA
Tara Indian Cuisine,"2217 Market St, San Francisco, CA 94114, USA",4.4,http://taraindiancuisine.com/,2,San Francisco,CA
New Delhi Indian Restaurant,"160 Ellis St, San Francisco, CA 94102, USA",3.6,https://newdelhirestaurant.com/,2,San Francisco,CA
Chaat Corner,"320 3rd St, San Francisco, CA 94107, USA",3.9,http://chaatcornersf.com/,2,San Francisco,CA
Kennedy's Indian Curry House & Irish Pub,"1040 Columbus Ave, San Francisco, CA 94133, USA",4.2,https://www.indiacurryhousecalifornia.com/,2,San Francisco,CA
Mission Curry House,"2434 Mission St, San Francisco, CA 94110, USA",4.4,https://www.missioncurryonline.com/,2,San Francisco,CA
Chutney Restaurant,"511 Jones St, San Francisco, CA 94102, USA",4.1,https://chutneyrestaurantsf.com/,1,San Francisco,CA
India Clay Oven,"2436 Clement St, San Francisco, CA 94121, USA",4.5,http://www.indiaclayoven.com/,2,San Francisco,CA
Clay Oven Indian Restaurant,"385 W Portal Ave, San Francisco, CA 94127, USA",4,http://clayovensf.com/,2,San Francisco,CA
Pakwan Restaurant,"3182 16th St, San Francisco, CA 94103, USA",4.3,http://www.pakwanrestaurant.com,1,San Francisco,CA
Deccan House,"1142 Valencia St, San Francisco, CA 94110, USA",4,http://deccanhousesf.com/,2,San Francisco,CA
Indian Oven Restaurant,"233 Fillmore St, San Francisco, CA 94117, USA",4.2,http://www.indianovensf.com/,2,San Francisco,CA
Himalayan Cuisine SF,"1412 Polk St, San Francisco, CA 94109, USA",4.9,https://himalayancuisinesf.com/,2,San Francisco,CA
Pakwan Restaurant - Tenderloin,"501 O'Farrell St, San Francisco, CA 94102, USA",4.1,https://pakwanrestaurant.com/oferrell/,1,San Francisco,CA
Nepa Indian Cuisine,"507 Divisadero St, San Francisco, CA 94117, USA",4.8,https://www.nepaindiancuisine.com/,2,San Francisco,CA
Lahore Karahi by Alhamra,"3083 16th St, San Francisco, CA 94103, USA",4.1,https://www.doordash.com/store/lahore-karahi-san-francisco-32378/,1,San Francisco,CA
Sunset Indian Cuisine,"642 Irving St, San Francisco, CA 94122, USA",4.8,https://www.sunsetindiancuisine.com/,2,San Francisco,CA
ROOH SF,"333 Brannan St #150, San Francisco, CA 94107, USA",4.3,https://www.roohrestaurants.com/,3,San Francisco,CA
Curry Leaf,"943 Columbus Ave, San Francisco, CA 94133, USA",4.2,http://curryleafinsf.com/,2,San Francisco,CA
Little Delhi,"83 Eddy St, San Francisco, CA 94102, USA",4.1,https://www.little-delhi.com/?utm_source=google&utm_medium=wix_google_business_profile&utm_campaign=7545910428504656823,1,San Francisco,CA
Copra,"1700 Fillmore St, San Francisco, CA 94115, USA",4.3,http://www.coprarestaurant.com/,3,San Francisco,CA
Amber India Restaurant,"25 Yerba Buena Ln, San Francisco, CA 94103, USA",4.2,https://www.amber-india.com/,3,San Francisco,CA
Tilak,"3501 Mission St, San Francisco, CA 94110, USA",4.5,https://tilaksf.com/,2,San Francisco,CA
Aaha Indian Cuisine,"3316 17th St, San Francisco, CA 94110, USA",4.4,http://www.aahasfo.com/,2,San Francisco,CA
Ocean Indian Cuisine,"6127 Geary Blvd, San Francisco, CA 94121, USA",4.5,https://www.oceanindiancuisine.com/,2,San Francisco,CA
Keeva Indian Kitchen,"908 Clement St, San Francisco, CA 94118, USA",4.4,https://keevasf.com/,2,San Francisco,CA
Udupi Palace,"1007 1/2 Valencia St, San Francisco, CA 94110, USA",4.2,https://udupisanfran.com/?utm_source=google,1,San Francisco,CA
Kinara Fusion Kitchen,"607 Geary St, San Francisco, CA 94102, USA",4.5,https://www.kinarafusionkitchen.com/,2,San Francisco,CA
Noe Indian Cuisine,"4166 24th St, San Francisco, CA 94114, USA",4.8,http://www.noeindiancuisine.com/,2,San Francisco,CA
Castro Indian Restaurant & Bar,"468 Castro St, San Francisco, CA 94114, USA",4.7,http://www.castrorb.com/,2,San Francisco,CA
Chaska Restaurant,"5120 Geary Blvd, San Francisco, CA 94118, USA",4.5,http://www.trychaska.com/,2,San Francisco,CA
Trisara,"211 Kearny St, San Francisco, CA 94108, USA",4.8,http://www.trisarasf.com/,2,San Francisco,CA
Raavi North Indian Cuisine,"533 Jackson St, San Francisco, CA 94133, USA",4.1,http://raavisf.com/,1,San Francisco,CA
Curry Up Now,"659 Valencia St, San Francisco, CA 94110, USA",4.3,https://www.curryupnow.com/,1,San Francisco,CA
Viva Goa Indian Cuisine,"2420 Lombard St, San Francisco, CA 94123, USA",4.3,http://www.vivagoaindiancuisine.com/,2,San Francisco,CA
Saffron Grill,"1279 Fulton St, San Francisco, CA 94117, USA",4.4,http://www.saffrongrillca.com/,2,San Francisco,CA
Chennai Kings,"418 Beach St, San Francisco, CA 94133, USA",3.9,http://chennaikingsus.com/,3,San Francisco,CA
Al Hamra Indian Pizza & Curry,"3083 16th St, San Francisco, CA 94103, USA",4.4,https://www.alhamraindianpizzancurry.com/,1,San Francisco,CA
Aditi Indian Cuisine,"1101 Valencia St, San Francisco, CA 94110, USA",4.4,https://order.online/business/aditi-indian-cuisine-314430,2,San Francisco,CA
Rose Indian Cuisine,"1386 9th Ave, San Francisco, CA 94122, USA",4.5,https://roseindiancuisine.com/,2,San Francisco,CA
Aslam's Rasoi,"1037 Valencia St, San Francisco, CA 94110, USA",4.4,http://www.aslamsrasoi.com/,2,San Francisco,CA
Dosa Corner Indian Cuisine,"1499 Valencia St, San Francisco, CA 94110, USA",4.5,,2,San Francisco,CA
Roti Indian Bistro,"53 W Portal Ave, San Francisco, CA 94127, USA",4.4,http://www.rotibistrosf.com/,2,San Francisco,CA
Shalimar Restaurant,"532 Jones St, San Francisco, CA 94102, USA",4,https://shalimarrestaurants.us/,1,San Francisco,CA
Mehfil Indian Cuisine,"88 2nd St, San Francisco, CA 94105, USA",4.1,http://www.mehfilsf.com/,2,San Francisco,CA
COPPER CHIMNEY,"321 W Portal Ave, San Francisco, CA 94127, USA",4.7,https://www.ssfcopperchimney.com/,2,San Francisco,CA
Spice of America,"1655 Market St, San Francisco, CA 94103, USA",4.1,https://www.spiceofamerica.net/,2,San Francisco,CA
Kasa Indian Eatery,"4001 18th St, San Francisco, CA 94114, USA",4.1,https://www.kasaindian.com/,1,San Francisco,CA
Star India,"3721 Geary Blvd, San Francisco, CA 94118, USA",4.1,https://starindiasf.com/?utm_source=google,1,San Francisco,CA
Noor Indian Fusion Kitchen,"60 Morris St #6, San Francisco, CA 94107, USA",3.8,https://noorfusionkitchen.com/,2,San Francisco,CA
Naan Point,"851 Cherry Ave #6, San Bruno, CA 94066, USA",4.4,https://naanpointeat.com/,2,San Francisco,CA
Maharaja Cuisine of India,"3701 NE 45th St, Seattle, WA 98105, USA",4.9,https://www.maharajaindianrestaurants.com/,2,Seattle,WC
Fusion Bistro Indian Cuisine,"601 2nd Ave, Seattle, WA 98104, USA",4.9,https://www.fusionbistroindiancuisine.com/,2,Seattle,WC
Maharaja Cuisine of India,"4542 California Ave SW, Seattle, WA 98116, USA",4.4,https://www.maharajaindianrestaurants.com/,2,Seattle,WC
Taste of Mumbai,"2300 California Ave SW, Seattle, WA 98116, USA",4.7,http://tasteofmumbaiseattle.com/,2,Seattle,WC
Taste of India,"5517 Roosevelt Way NE, Seattle, WA 98105, USA",4.4,https://www.tasteofindiaseattle.com/,2,Seattle,WC
Saffron Grill,"2132 N Northgate Way, Seattle, WA 98133, USA",4.4,https://www.saffrongrillseattle.com/,2,Seattle,WC
The Guilt Trip Express,"The Guilt Trip Express, 1525 13th Ave, Seattle, WA 98122, USA",4,http://www.theguilttriprestaurant.com/,2,Seattle,WC
NIRMAL'S,"106 Occidental Ave S, Seattle, WA 98104, USA",4.1,http://www.nirmalseattle.com/,2,Seattle,WC
Indian-Nepali Kitchen,"9525 Aurora Ave N #3218, Seattle, WA 98103, USA",4.8,https://www.orderindiannepalikitchen.com/,2,Seattle,WC
Bombay Express,"4214 University Wy NE, Seattle, WA 98105, USA",4.6,https://bombayexpress.us/,1,Seattle,WC
India Weekly,"1740 1st Ave S, Seattle, WA 98134, USA",5,https://indiaweekly.online/,2,Seattle,WC
House Of Chettinad,"1525 13th Ave, Seattle, WA 98122, USA",4.5,https://houseofchettinad.us/,2,Seattle,WC
Mother India Cuisine,"1515 Westlake Ave, Seattle, WA 98109, USA",4.4,https://motherindiacuisine.com/,2,Seattle,WC
Kanak Indian Cuisine,"2211 4th Ave, Seattle, WA 98121, USA",4.2,http://www.kanakindianseattle.com/,2,Seattle,WC
Daawat Indian Grill & Bar,"820 Pike St, Seattle, WA 98101, USA",4,http://www.daawatgrillbar.com/?utm_source=gmb&utm_medium=website,2,Seattle,WC
Cedars in University District,"4759 Brooklyn Ave NE, Seattle, WA 98105, USA",4.4,http://cedarsseattle.com/,2,Seattle,WC
Jewel of India,"4735 University Wy NE, Seattle, WA 98105, USA",4.2,https://www.jewelofindiawa.com/,2,Seattle,WC
Spice Bliss,"1520 Broadway, Seattle, WA 98122, USA",4.1,http://www.spiceboxseattlewa.com/?utm_source=gmb&utm_medium=website,2,Seattle,WC
Madurai Express Fremont,"473 N 36th St, Seattle, WA 98103, USA",3.9,https://order.online/store/madurai-express-seattle-31556129/?hideModal=true,2,Seattle,WC
Annapurna Cafe,"1833 Broadway, Seattle, WA 98122, USA",4.4,https://www.annapurnacafe.com/,2,Seattle,WC
Meesha,"127 N 36th St, Seattle, WA 98103, USA",4.2,https://www.meeshaforyou.com/,2,Seattle,WC
Indian Spice Bistro,"14553 Bothell Way NE, Shoreline, WA 98155, USA",4.8,https://www.indianspicebistro.com/,2,Seattle,WC
India Bistro,"6417 Roosevelt Way NE #106, Seattle, WA 98115, USA",4.3,https://www.indiabistroroosevelt.com/,2,Seattle,WC
Spice Waala,"2008 NW 56th St, Seattle, WA 98107, USA",4.7,http://www.spicewaala.com/,1,Seattle,WC
Zaika,"1100 Pike St, Seattle, WA 98101, USA",4,https://www.zaikaseattle.com/,2,Seattle,WC
Spice King Seattle,"213 Pike St, Seattle, WA 98101, USA",4.2,https://spiceking-seattle.com/,2,Seattle,WC
Chili's South Indian Cuisine,"4220 University Wy NE, Seattle, WA 98105, USA",4.1,http://chilissouthindianrestaurant.com/,1,Seattle,WC
Far Eats Cafe,"400 2nd Ave W suite 100, Seattle, WA 98119, USA",4.4,http://fareatscafe.com/,2,Seattle,WC
"Kathakali, An Indian Eatery","11451 98th Ave NE, Kirkland, WA 98033, USA",4.3,https://www.kathakali-juanita.com/,2,Seattle,WC
Masala of India Cuisine,"507 NE Northgate Way Suite G, Seattle, WA 98125, USA",4.3,http://masalaofindia.com/,2,Seattle,WC
Rama's Kitchen,"4634 E Marginal Wy S Suite E-120, Seattle, WA 98134, USA",4.8,https://ramaskitchens.com/,1,Seattle,WC
Spice Waala,"340 15th Ave E #202, Seattle, WA 98112, USA",4.5,http://www.spicewaala.com/,1,Seattle,WC
Nirvana Indian & Nepali Cuisine,"Upstairs in pavilion, 403 Madison Ave N, Bainbridge Island, WA 98110, USA",4.8,http://nirvanabainbridge.com/,2,Seattle,WC
CLAY POT INDIAN CUISINE,"506 12th Ave S, Seattle, WA 98144, USA",4.2,https://claypot-seattle.com/?,2,Seattle,WC
Rasoi Indian Restaurant and Bakery,"14339 NE 20th St Ste I, Bellevue, WA 98007, USA",4.4,https://rasoibellevue.com/,2,Seattle,WC
Janoon Indian Restaurant,"19033 68th Ave S D-107, Kent, WA 98032, USA",4.6,https://janoonindianrestaurant.com/menu,2,Seattle,WC
Moti Mahal Indian Cuisine,"1520 Broadway, Seattle, WA 98122, USA",3.5,https://www.motimahalindiancuisine.com/,1,Seattle,WC
Maggi Point Restaurant | Indian Food | indo chinese food |,"4736 University Wy NE, Seattle, WA 98105, USA",4.2,https://maggiepoints.com/,2,Seattle,WC
Bombay Grill,"12336 Lake City Way NE, Seattle, WA 98125, USA",2.3,https://bombaygrillusa.com/?utm_source=google&utm_medium=maps&utm_campaign=website,2,Seattle,WC
Bengal Tiger Cuisine Of India,"6509 Roosevelt Way NE, Seattle, WA 98115, USA",4.1,http://bengaltigerwa.com/,2,Seattle,WC
Amritsar Tadkas,"506 12th Ave S Suite B, Seattle, WA 98144, USA",2.8,https://amritsartadkaswa.com/,2,Seattle,WC
Chawlas2 Seattle,"12716 Lake City Way NE, Seattle, WA 98125, USA",4.1,https://www.chawlas2seattle.us/,2,Seattle,WC
Kamal Da Dhaba Indian Restaurant,"4736 -2 University Wy NE, Seattle, WA 98105, USA",3.2,http://www.kamaldadabha.com/,2,Seattle,WC
"Sher E Punjab Grill | Seattle, WA","12336 Lake City Way NE suite a, Seattle, WA 98125, USA",2.1,https://sherepunjabgrillus.com/,2,Seattle,WC
Roti Cuisine of India,"530 Queen Anne Ave N #4520, Seattle, WA 98109, USA",4,http://www.rotirestaurantseattle.com/,2,Seattle,WC
"Tandoori Hut - ""Fresh Food is our Focus""","2616 2nd Ave, Seattle, WA 98121, USA",4.1,https://tandoorihutseattle.com/,2,Seattle,WC
Kastoori Grill,"94 Stewart St, Seattle, WA 98101, USA",3.8,http://www.kastoorigrill.com/,2,Seattle,WC
Old Delhi Cuisine,"506 12th Ave S Suite C, Seattle, WA 98144, USA",1,https://www.olddelhicuisine.com/?utm_source=gmb&utm_medium=website,2,Seattle,WC
Mirch Masala Indian Food Restaurant,"213 Broadway E, Seattle, WA 98102, USA",3.9,https://mirchmasalaseattle.com/,2,Seattle,WC
India Bistro,"2301 NW Market St, Seattle, WA 98107, USA",4.2,https://www.seattleindiabistro.com/,2,Seattle,WC
Kohinoor,"506 12th Ave S #112-A, Seattle, WA 98144, USA",1,https://order.online/business/kohinoor-11627268,2,Seattle,WC
Ammi's Pakwan Indian Food Restaurant,"213 Broadway E, Seattle, WA 98102, USA",3.6,https://www.ammispakwanseattle.com/,2,Seattle,WC
Kalia Indian Cuisine,"8518 Greenwood Ave N, Seattle, WA 98103, USA",4.3,https://www.kaliaindiancuisinensportslounge.com/uphm3m5c/kalia-indian-cuisine-greenwood-seattle-98103/order-online,2,Seattle,WC
Chutneys Bistro,"1815 N 45th St, Seattle, WA 98103, USA",4.1,http://www.chutneysbistro.com/,2,Seattle,WC
Tandoori Flame & Indian Grill,"345 15th Ave E Suite 201, Seattle, WA 98112, USA",4.4,http://www.tandooriflameindiangrill.com/,2,Seattle,WC
Bombay Street Food Express 3,"1915 18th St NW, Washington, DC 20009, USA",4.3,https://bombayexpress3.com/,2,Washington DC,DC
Rasika,"633 D St NW, Washington, DC 20004, USA",4.3,http://www.rasikarestaurant.com/pennquarter/,3,Washington DC,DC
India Gate Restaurant & Bar,"2020 P St NW, Washington, DC 20036, USA",2.8,http://indiagaterestaurantbar.com/,2,Washington DC,DC
Karma/Karizma Modern Indian,"611 I St NW, Washington, DC 20001, USA",4.4,http://www.karmamodernindian.com/,3,Washington DC,DC
Indigo,"243 K St NE, Washington, DC 20002, USA",4.5,https://www.indigowdc.com/,2,Washington DC,DC
The Bombay Club,"815 Connecticut Ave NW, Washington, DC 20006, USA",3.9,http://www.bombayclubdc.com/,3,Washington DC,DC
Jyoti Indian Cuisine,"2433 18th St NW, Washington, DC 20009, USA",4,https://www.jyotidc.com/,2,Washington DC,DC
Pappe,"1317 14th St NW, Washington, DC 20005, USA",4.2,http://www.pappedc.com/,2,Washington DC,DC
Rajaji Curry House Indian Restaurant | Indian Restaurant In Washington DC | Indian Curry,"2603 Connecticut Ave NW #2634, Washington, DC 20008, USA",4,http://www.therajaji.com/,2,Washington DC,DC
Rasika West End,"1190 New Hampshire Ave NW, Washington, DC 20037, USA",4.3,http://www.rasikarestaurant.com/westend/,3,Washington DC,DC
Bindaas,"2000 Pennsylvania Avenue NW, Washington, DC 20006, USA",4,https://www.bindaasdc.com/foggybottom,2,Washington DC,DC
Dakshin Indique,"3512 Connecticut Ave NW, Washington, DC 20008, USA",4.6,https://www.dakshincuisine.com/?y_source=1_MTAzMTUxMDU3Mi03MTUtbG9jYXRpb24ud2Vic2l0ZQ%3D%3D,2,Washington DC,DC
Heritage India,"3238 Wisconsin Ave NW, Washington, DC 20016, USA",4,https://heritageindiaindc.com/,2,Washington DC,DC
Taj of India Cuisine,"2809 M St NW Suite 2, Washington, DC 20007, USA",3.9,http://www.tajofindiacuisine.com/,2,Washington DC,DC
Bombay Street Food,"1413 Park Rd NW, Washington, DC 20010, USA",4.2,https://www.bombaystreetfooddc.com/home.php,2,Washington DC,DC
NaanWise Indian Cuisine,"2635 Connecticut Ave NW, Washington, DC 20008, USA",4.3,https://www.naanwise.com/,2,Washington DC,DC
Spice 6,"740 6th St NW, Washington, DC 20001, USA",4.3,https://www.spice-6.com/,2,Washington DC,DC
RASA,"1247 First St SE, Washington, DC 20003, USA",4.4,http://www.rasa.co/,1,Washington DC,DC
Masala Story,"3301 12th St NE #4008, Washington, DC 20017, USA",4.6,https://dcmasalastory.com/,1,Washington DC,DC
RASA,"485 K St NW, Washington, DC 20001, USA",4.3,http://www.rasa.co/,2,Washington DC,DC
Jab We Met Indian Kitchen,"515 8th St SE First Floor, Washington, DC 20003, USA",4.8,https://www.jabwemetindiankitchen.com/,2,Washington DC,DC
Tamashaa,"3115 14th St NW, Washington, DC 20010, USA",4.8,https://tamashaa.us/,2,Washington DC,DC
G.O.A.T. Room,"1010 Massachusetts Ave NW, Washington, DC 20001, USA",4.6,https://goatroomdc.com/,2,Washington DC,DC
"Eggholic - Washington, DC","1990 M St NW, Washington, DC 20036, USA",4.7,http://theeggholic.com/,1,Washington DC,DC
Daru,"1451 Maryland Ave NE, Washington, DC 20002, USA",4.6,https://www.darudc.com/,2,Washington DC,DC
Herbivore Indian Cuisine,"1639 Wisconsin Ave NW #1, Washington, DC 20007, USA",4.8,http://www.herbivorecarryout.com/,2,Washington DC,DC
Maharaja - House of Biryani,"2414 Wisconsin Ave NW, Washington, DC 20007, USA",4.5,https://www.maharaja-dc.com/,2,Washington DC,DC
Masala Street Eatery,"3206 O St NW #1, Washington, DC 20007, USA",4.5,https://www.dcmasala.com/,2,Washington DC,DC
VEGZ,"2120 18th St NW BSMT, Washington, DC 20009, USA",4.7,http://www.vegz.us/,1,Washington DC,DC
Himalayan Doko,"1108 K St NW, Washington, DC 20005, USA",4.2,https://www.himalayandoko.com/,2,Washington DC,DC
"Namaste JALSA, Bar &Restaurant","1504 King St, Alexandria, VA 22314, USA",4.5,http://www.namastejalsamenus.com/,2,Washington DC,DC
Curry N Pie,"1204 34th St NW, Washington, DC 20007, USA",4.3,https://www.currynpie.com/,2,Washington DC,DC
City Kabob & Curry House -2 (D.C),"204 Michigan Ave NE, Washington, DC 20017, USA",4.6,https://citykabobhouse.com/WashingtonDC/?v=e2ae933451f4,2,Washington DC,DC
Bombay Street Food 2,"524 8th St SE, Washington, DC 20003, USA",4.2,https://www.bombaystreetfooddc.com/,2,Washington DC,DC
Himalayan Heritage Restaurant DC,"2305 18th St NW, Washington, DC 20009, USA",4.4,https://www.himalayanheritagedc.com/,2,Washington DC,DC
Delhi Spice,"4925 Bethesda Ave, Bethesda, MD 20814, USA",4.8,https://www.delhispice.us/,2,Washington DC,DC
Spice Kraft Indian Bistro,"1135 N Highland St, Arlington, VA 22201, USA",4.7,https://www.spicekraftva.com/?utm_source=google&utm_medium=wix_google_business_profile&utm_campaign=17637820582186941203,2,Washington DC,DC
Bindaas Bowls & Rolls,"415 7th St NW, Washington, DC 20004, USA",4,https://www.bindaasbowls.com/,2,Washington DC,DC
Cafe of India,"4909 Wisconsin Ave NW, Washington, DC 20016, USA",4.4,http://www.cafeofindiadc.com/,2,Washington DC,DC
Salt and Pepper Grill,"2632 Georgia Ave NW, Washington, DC 20001, USA",4.3,https://www.saltandpeppergrill.com/,1,Washington DC,DC
Tamarind Kitchen,"2000 5th St NE Unit K221, Washington, DC 20002, USA",3.1,https://www.tamarindkc.com/,2,Washington DC,DC
Masala Art,"4441 Wisconsin Ave NW, Washington, DC 20016, USA",4.1,http://www.masalaartdc.com/,2,Washington DC,DC
DC Dosa,"1309 5th St NE, Washington, DC 20002, USA",3.7,http://www.dcdosa.com/,2,Washington DC,DC
Aatish On the Hill,"609 Pennsylvania Ave. SE, Washington, DC 20003, USA",3.6,https://aatish-onthehill.com/?utm_source=google,2,Washington DC,DC
Indochen Old Town,"1615 King St, Alexandria, VA 22314, USA",4.7,https://www.indochen.com/,2,Washington DC,DC
Sacrificial Lamb Kabobs & Wraps,"1704 R St NW, Washington, DC 20009, USA",4.3,http://www.dckabobsandwraps.com/,2,Washington DC,DC
Diya Indian Cuisine,"218 N Lee St 2nd Floor, Alexandria, VA 22314, USA",4.6,https://www.diyaindiancuisine.com/,2,Washington DC,DC
Virraaj Indian Cuisine,"4914 Cordell Ave, Bethesda, MD 20814, USA",4.7,http://virraaj.com/,2,Washington DC,DC
Kohinoor Dhaba,"2800 S Eads St, Arlington, VA 22202, USA",4,http://kohinoordhaba.com/,1,Washington DC,DC
Dishes of India,"1510A Belle View Blvd, Alexandria, VA 22307, USA",4.5,https://www.dishesofindia.com/,2,Washington DC,DC
IndoChen,"4906 Brenman Park Dr, Alexandria, VA 22304, USA",4.7,https://www.indochen.com/,2,Washington DC,DC
Spice Street Restaurant,"8242 Georgia Ave, Silver Spring, MD 20910, USA",4.4,http://spicestreetmd.com/,2,Washington DC,DC
Jewel of India,"10151 New Hampshire Ave, Silver Spring, MD 20903, USA",4.3,http://www.jewelofindiamd.com/index.html,2,Washington DC,DC
Kismet Modern Indian,"111 N Pitt St, Alexandria, VA 22314, USA",4.4,http://www.kismetmodernindian.com/,2,Washington DC,DC   